nama_lokasi,kategori,latitude,longitude
Sheraton Grand Jakarta Gandaria City Hotel,Hotel,-6.2452177,106.7830538
The Westin Jakarta,Hotel,-6.2238997,106.8336859
Grand Hyatt Jakarta,Hotel,-6.1938028,106.8224472
Hotel Santika Premiere Slipi Jakarta,Hotel,-6.9890103,110.4209436
Aloft Jakarta Wahid Hasyim,Hotel,-6.1863149,106.8272149
Hotel Santika Kelapa Gading,Hotel,-6.1500853,106.902761
Grand Tjokro Jakarta,Hotel,-6.165305,106.7818709
The Bellezza Suites,Hotel,-6.2213906,106.7817984
Grand Whiz Poins Simatupang Jakarta,Hotel,-6.2899244,106.7776299
Aston Rasuna,Hotel,-6.2192714,106.8365341
Happy Inn,Hotel,51.9250234,4.5168576
Novotel Jakarta Mangga Dua Square,Hotel,-6.1381756,106.8318856
Sunlake Hotel,Hotel,-6.1469573,106.8796579
Amaris Hotel Pasar Baru,Hotel,-6.1604629,106.8372104
Aston Pluit Hotel & Residence,Hotel,-6.1242991,106.7950506
Amaris Hotel Thamrin City,Hotel,-6.1945344,106.817966
RedDoorz Apartment @ Pasar Baru Mansion,Hotel,-6.1629599,106.8322411
Amaris Hotel Dr. Susilo Grogol,Hotel,-6.165828,106.7963622
Ayaka Suites,Hotel,-6.2210362,106.8241716
Nostoi,Hotel,40.0568724,17.9889834
Golden Boutique Hotel Melawai,Hotel,-6.2470308,106.798736
Amaris Hotel Panglima Polim 2,Hotel,-6.2522772,106.797541
Grand Paragon Hotel,Hotel,1.4805621,103.7621127
Hotel Borobudur Jakarta,Hotel,-6.1723652,106.8344121
Green Bamboo Residence,Hotel,-6.2185042,106.8259285
Studio One,Hotel,52.4323436,-1.9195121
Hotel Cikini,Hotel,-6.1923614,106.8390114
M Hotel,Hotel,10.357409,106.366925
Sawana Suites,Hotel,-6.2084968,106.8059879
Amaris Hotel Mangga Besar,Hotel,-6.1494978,106.8188916
Royal City Hotel,Hotel,50.4493954,30.49095
P Hotel,Hotel,-6.19214,106.8673581
Sleepy Raccoon Hostel,Hotel,-7.8350524,110.3676952
Hotel Alma,Hotel,37.9850636,23.7289001
Putri Duyung Ancol,Hotel,-6.1218229,106.8409833
Cipta Hotel Pancoran,Hotel,-6.247309,106.8431966
Twins Hotel,Hotel,0.4317161,33.1496165
Upscale Suites,Hotel,-6.2164999,106.8194447
The Packer Lodge,Hotel,-6.1460841,106.8149068
Sun Rise House,Hotel,41.3865175,-72.8737789
Borneo Hostel,Hotel,-6.1850141,106.8286729
Kartika One by Prasanthi,Hotel,-6.344386,106.8338057
PT. Antam Resourcindo,Gedung Perkantoran,-6.3023973,106.8341027
PHE Tower,Gedung Perkantoran,-6.2999151,106.8329412
EXPROOFSTORE.ID,Gedung Perkantoran,-6.2993798,106.8319462
undefined,Gedung Perkantoran,-6.285443,106.8336224
Kedutaan besar Somalia,Gedung Perkantoran,-6.2419803,106.8364013
Smesco Indonesia,Gedung Perkantoran,-6.2417867,106.8362374
Mercure Jakarta Gator Subroto,Hotel,-6.2396116,106.8307322
Graha Simatupang,Gedung Perkantoran,-6.29664,106.8290098
DataComm,Gedung Perkantoran,-6.2404089,106.8302944
Puri Denpasar Hotel Jakarta Puri Denpasar Hotel,Hotel,-6.2349946,106.8267723
ARTOTEL Casa Kuningan,Hotel,-6.234675,106.8269002
Sekretariat RW 07 Ragunan,Gedung Perkantoran,-6.3043274,106.8230168
childFund Indonesia,Gedung Perkantoran,-6.291521,106.8231579
Virtue Post,Gedung Perkantoran,-6.2626728,106.8250101
JNE Mampang,Gedung Perkantoran,-6.2477886,106.8261428
Bluebird Ofiice Park,Gedung Perkantoran,-6.2461433,106.8257315
vads office,Gedung Perkantoran,-6.2413901,106.8252629
Kedutaan besar Venezuela,Gedung Perkantoran,-6.2349535,106.8233733
Telkomsel,Gedung Perkantoran,-6.2345131,106.8227794
Kantor Konsuler Kedutaan Besar Korea Selatan,Gedung Perkantoran,-6.2392918,106.8333997
Graha Irama,Gedung Perkantoran,-6.2335398,106.8316466
Menara Palma,Gedung Perkantoran,-6.2269513,106.8334274
Kedutaan Besar Uni Emirat Arab,Gedung Perkantoran,-6.2259324,106.8308548
Otoritas Jasa Keuangan,Gedung Perkantoran,-6.2344913,106.8224466
SOS Medika,Gedung Perkantoran,-6.2303497,106.8259347
ZTE,Gedung Perkantoran,-6.2302463,106.8263021
Honeywell,Gedung Perkantoran,-6.2302376,106.8262448
Bahar,Gedung Perkantoran,-6.2302366,106.8261942
Kedutaan Besar Mexico,Gedung Perkantoran,-6.2291995,106.8251574
China Southern Airlines,Gedung Perkantoran,-6.2302625,106.8263548
GP Mega Kuningan Hotel,Hotel,-6.2284262,106.8282544
Kedutaan Besar Swedia,Gedung Perkantoran,-6.227451,106.826329
Kedutaan Besar Finlandia,Gedung Perkantoran,-6.2274423,106.8265491
Kedutaan Besar Peru,Gedung Perkantoran,-6.2273317,106.8265529
Kedutaan Besar Denmark,Gedung Perkantoran,-6.227286,106.8263107
Kedutaan Besar Norwegia,Gedung Perkantoran,-6.2272384,106.8265321
Amaris Hotel Dr. Satrio Kuningan,Hotel,-6.225574,106.8296474
Kedutaan besar Uruguay,Gedung Perkantoran,-6.2275564,106.8256181
GoWork,Gedung Perkantoran,-6.2269428,106.826253
TBI - The British Institute - Kuningan,Gedung Perkantoran,-6.2264054,106.8253388
PT Tani Hub Indonesia (TaniHub HQ),Gedung Perkantoran,-6.2263762,106.8255337
Ruupa ID,Gedung Perkantoran,-6.2263522,106.8256027
Learning Resources. PT,Gedung Perkantoran,-6.2263402,106.8253957
Tian Tian Rice Yogurt,Gedung Perkantoran,-6.2263265,106.8255096
Finmas - Fintech P2P Lending,Gedung Perkantoran,-6.2263197,106.8255682
Sulaiman & Herling Attorneys at Law,Gedung Perkantoran,-6.2245484,106.8254133
World Health Organization (WHO) office,Gedung Perkantoran,-6.2241212,106.8337993
Kedutaan besar India,Gedung Perkantoran,-6.2240867,106.833572
Impact Hub,Gedung Perkantoran,-6.2197117,106.8320413
MMI Indonesia,Gedung Perkantoran,-6.2183395,106.8354871
Kedutaan Besar Yunani,Gedung Perkantoran,-6.2179909,106.8303565
Indosat Ooredoo,Gedung Perkantoran,-6.2242235,106.8274664
Topaz Hotel & Residence,Hotel,-6.2168561,106.826581
Fraser Place,Hotel,-6.215373,106.8293768
PT VADS Indonesia,Gedung Perkantoran,-6.2135901,106.8293432
PT Adhi Commuter Properti,Gedung Perkantoran,-6.3244076,106.8842381
Dimensi Logistic,Gedung Perkantoran,-6.3114726,106.9080666
PT. Interteknis Suryaterang Operations Office,Gedung Perkantoran,-6.3086163,106.8395989
Pos Pantau Polsek Pasar Minggu,Gedung Perkantoran,-6.285183,106.8441868
Pos RT 012/RW 010,Gedung Perkantoran,-6.3169783,106.8773607
Samsat Keliling DKI Jakarta,Gedung Perkantoran,-6.2954192,106.8714143
K.A. Ridhuan,Gedung Perkantoran,-6.289806,106.8703377
Kantor RW 05 Bulak Rantai,Gedung Perkantoran,-6.2839268,106.8684882
EST Jakarta,Gedung Perkantoran,-6.2654565,106.8775776
Oakwood Hotel & Apartments,Hotel,-6.3031211,106.8863422
Asosiasi Museum Indonesia,Gedung Perkantoran,-6.2993579,106.9006225
OmiqloBadut,Gedung Perkantoran,-6.293008,106.9008539
Graha Intirub,Gedung Perkantoran,-6.2652246,106.8767821
Fave Hotel PGC Cililitan,Hotel,-6.2623759,106.864919
Bluebird Pool Sutoyo,Gedung Perkantoran,-6.2489648,106.8782631
Best Western Premier,Hotel,-6.2445572,106.8755794
MT Haryono Residence Apartment (Main Entrance),Apartemen,-6.2435667,106.8685556
Graha Adira,Gedung Perkantoran,-6.2434508,106.8537662
ADRA Indonesia,Gedung Perkantoran,-6.2425908,106.8459745
Rumah Susun Bidara Cina,Apartemen,-6.2412822,106.8682859
PT. Sucofindo (Persero) - Head Office,Gedung Perkantoran,-6.2519626,106.8423324
Amaris Hotel Pancoran,Hotel,-6.2474683,106.8432049
Graha Mustika Ratu,Gedung Perkantoran,-6.2421315,106.8421976
PT. Asuransi Takaful Umum,Gedung Perkantoran,-6.2421179,106.8417849
V Hotel,Hotel,-6.241888,106.8446608
Menara Bidakara,Gedung Perkantoran,-6.241494,106.8413715
Pluto Publishing,Gedung Perkantoran,-6.2384758,106.8456984
Sofyan Inn Tebet,Hotel,-6.2368755,106.8444296
Pop! Hotel Tebet - Jakarta,Hotel,-6.232973,106.8447543
The Nyaman Jakarta,Hotel,-6.2370184,106.8497366
Tenet,Gedung Perkantoran,-6.2354792,106.857109
Nobel Edu Indonesia,Gedung Perkantoran,-6.2354535,106.8571058
Soepomo Office Park,Gedung Perkantoran,-6.2306111,106.8469116
Ganesha Operation Tebet,Gedung Perkantoran,-6.229091,106.853617
WebHozz Kalimalang,Gedung Perkantoran,-6.2474151,106.9247185
PT Warungjasa Teknologi,Gedung Perkantoran,-6.2453147,106.9082332
Apartemen Casablanca East Residences,Apartemen,-6.2249848,106.8989325
East Park Apartment,Apartemen,-6.203661,106.9255627
Takaful Umum,Gedung Perkantoran,-6.2288877,106.8466591
Konsorsium Reformasi Hukum Nasional,Gedung Perkantoran,-6.2266338,106.8562479
Plaza Timur Stasiun Tebet,Gedung Perkantoran,-6.2256525,106.8585645
Plaza Barat Stasiun Tebet,Gedung Perkantoran,-6.2256481,106.8581709
Cervino Apartment,Apartemen,-6.2248913,106.8514297
PT Architectz Persada Asri,Gedung Perkantoran,-6.2176028,106.867393
Infinia Park,Gedung Perkantoran,-6.2127738,106.8460984
Kantor Lurah Karet Jakarta Selatan,Gedung Perkantoran,-6.2160024,106.8225363
Jne Setiabudi,Gedung Perkantoran,-6.2108688,106.825068
"The Mayflower, Jakarta - Marriott Executive Apartments",Hotel,-6.2084117,106.8225199
W Home Reserva | Setiabudi,Hotel,-6.2069676,106.8245617
Paxel courier service | Setiabudi,Gedung Perkantoran,-6.206639,106.8247129
Wikimedia Indonesia,Gedung Perkantoran,-6.2017238,106.8245488
Reddoorz Plus Thamrin,Hotel,-6.2008995,106.8235909
The City Tower,Gedung Perkantoran,-6.1992284,106.823232
The Grove Suites by GRAND ASTON;The Grove Suites,Hotel,-6.2173821,106.8343518
Gedung Wira Usaha,Gedung Perkantoran,-6.2139351,106.8308219
Lembaga Independensi Peradilan,Gedung Perkantoran,-6.2105979,106.8314525
Kedutaan besar Bosnia dan Herzegovina,Gedung Perkantoran,-6.210309,106.8314546
Pusat Studi Hukum dan Kebijakan Indonesia,Gedung Perkantoran,-6.2102182,106.8311781
iziRoam,Gedung Perkantoran,-6.20556,106.8340533
PT Solusi Untuk Semua,Gedung Perkantoran,-6.2054955,106.8340495
Menara Bappenas,Gedung Perkantoran,-6.2123885,106.8301043
Direktorat Jenderal Penyelenggaraan Pos dan Informatika,Gedung Perkantoran,-6.2114167,106.829951
Direktorat Jenderal Minyak dan Gas Bumi,Gedung Perkantoran,-6.2109995,106.8298789
Ipsos Indonesia,Gedung Perkantoran,-6.210558,106.8299269
Istituto Italiano di Cultura,Gedung Perkantoran,-6.2020776,106.8283065
Kadin Indonesia,Gedung Perkantoran,-6.201701,106.8277898
BTN Housing Finance,Gedung Perkantoran,-6.1987117,106.8286384
Bumi Putera,Gedung Perkantoran,-6.1975266,106.828818
The Hermitage,Hotel,-6.1982609,106.8380931
Konsil Kedokteran Indonesia,Gedung Perkantoran,-6.1944702,106.8362251
Wisma PGI,Hotel,-6.1921322,106.8331329
Euro Management Indonesia,Gedung Perkantoran,-6.1883193,106.8360491
Tamarin Hotel Jakarta manage by Vib Hospitality Management,Hotel,-6.1874654,106.8268024
Hotel Stanley,Hotel,-6.1873858,106.827737
Aone Hotel,Hotel,-6.1869521,106.8279353
Sinarmas Land Plaza,Gedung Perkantoran,-6.189682,106.8232624
"Four Points by Sheraton Jakarta, Thamrin",Hotel,-6.1881464,106.8226494
GraPARI Sarinah - Telkomsel,Gedung Perkantoran,-6.1879441,106.8235881
Perbendaharaan Kementrian Keuangan RI,Gedung Perkantoran,-6.1873834,106.8223409
Kementrian Koordinator Bidang Kemaritiman dan Investasi,Gedung Perkantoran,-6.1850219,106.8227686
Badan Standarisasi Nasional,Gedung Perkantoran,-6.1847497,106.8227581
Max One Hotel Sabang,Hotel,-6.184556,106.8248974
MaxOne,Hotel,-6.1842158,106.8247041
Whiz,Hotel,-6.1883111,106.8366862
Sofyan Hotel Cut Meutia,Hotel,-6.1874751,106.8342642
Independent Research & Advisory Indonesia,Gedung Perkantoran,-6.187418,106.8366735
Horison Ultima Menteng,Hotel,-6.1864527,106.8366672
Construction site,Hotel,-6.1860178,106.8289819
Wisma Jalan Jaksa,Hotel,-6.1859565,106.8290101
Tator,Hotel,-6.185756,106.8291834
Djody Hotel,Hotel,-6.1856391,106.829224
Lodging,Hotel,-6.1856243,106.829087
Graha XL Menteng,Gedung Perkantoran,-6.1841363,106.8302559
Alinda Hotel,Hotel,-6.1841333,106.8289567
MNC Tower Main Entrance,Gedung Perkantoran,-6.1839086,106.831947
Rail Transit Suite,Hotel,-6.1778398,106.8311164
PT Catur,Gedung Perkantoran,-6.2179369,106.8446531
PT Temma Cipta Allesindo - Daikin,Gedung Perkantoran,-6.2178526,106.8446045
de'Print,Gedung Perkantoran,-6.2175145,106.8443653
Hotel Nuansa Bali Anyer,Hotel,-6.2113234,106.8590718
Holiday Inn Express Jakarta Matraman,Hotel,-6.2029493,106.8577566
Hotel Balairung,Hotel,-6.1999809,106.8548906
Gedung E Perpustakaan Nasional RI Salemba,Gedung Perkantoran,-6.1993123,106.8509761
Gedung D Perpustakaan Nasional RI Salemba,Gedung Perkantoran,-6.1991136,106.8511853
Gedung C Perpustakaan Nasional RI Salemba,Gedung Perkantoran,-6.1988336,106.8513395
Sekretariat Perpustakaan Nasional RI,Gedung Perkantoran,-6.198759,106.851825
Gedung B Perpustakaan Nasional RI Salemba,Gedung Perkantoran,-6.1986243,106.8515957
Layanan ISBN Perpustakaan Nasional RI,Gedung Perkantoran,-6.1983643,106.8518156
Gedung A Perpustakaan Nasional RI Salemba,Gedung Perkantoran,-6.1983257,106.8517834
JNE Logistics,Gedung Perkantoran,-6.1936086,106.8615727
Pegadaian Salemba,Gedung Perkantoran,-6.1927968,106.8482025
Badan Pengawasan Keuangan dan Pembangunan (BPKP),Gedung Perkantoran,-6.1926646,106.870906
Hotel Sentral,Hotel,-6.1921696,106.8647274
Paseban Cemara 1,Hotel,-6.1914055,106.8527686
Hotel Salemba Jakarta,Hotel,-6.1913991,106.8505699
Mercure Hotel Cikini,Hotel,-6.194243,106.8390861
Puri Inn Hotel - Oyo Hotel,Hotel,-6.1922862,106.842104
Hotel Raden,Hotel,-6.1903354,106.8435369
Surety Bond Jakarta,Gedung Perkantoran,-6.1985458,106.8882036
Kantor Martha Tilaar (Holding),Gedung Perkantoran,-6.1942564,106.9075957
Pertamina Maritime Training Centre,Gedung Perkantoran,-6.1933636,106.8988495
MaxOne Hotel Pemuda,Hotel,-6.1927035,106.8807842
Graha MIR,Gedung Perkantoran,-6.192699,106.8806242
PT Trimanunggal Perkasindo,Gedung Perkantoran,-6.1859453,106.9284659
Kantor Pemasaran Kota Harapan Indah,Gedung Perkantoran,-6.1819686,106.973118
Hotel Bintang Griyawisata,Hotel,-6.1898438,106.8443494
ThinkrCreative,Gedung Perkantoran,-6.1848967,106.8374622
Amaris Hotel,Hotel,-6.1832631,106.8436135
PT.Abi Mitra Dinamika (AMD),Gedung Perkantoran,-6.1824632,106.8440871
Puri Kwitang Hotel,Hotel,-6.181628,106.8402865
Apartemen The Green Pramuka City,Apartemen,-6.1891306,106.8725788
The Acacia Hotel,Hotel,-6.1889819,106.8472349
Miindonews,Gedung Perkantoran,-6.1882984,106.8700983
Semidang Group,Gedung Perkantoran,-6.1790362,106.8747117
Hotel Gren Alia Prapatan,Hotel,-6.1809488,106.8381952
Gading Icon Apartemen Rosewood Tower,Apartemen,-6.181782,106.904624
Kirana Boutique Office,Gedung Perkantoran,-6.174447,106.89623
Sekretariat RW 21,Gedung Perkantoran,-6.1700063,106.9164924
Wisma Mayoria,Gedung Perkantoran,-6.1664407,106.9147812
Kirana Two Office Tower (Main Entrance),Gedung Perkantoran,-6.1656327,106.9140163
Fave Hotel Jakarta Gading,Hotel,-6.1611909,106.9082509
Gading Indah Hotel,Hotel,-6.1599436,106.9174531
Depo LRT Jakarta,Gedung Perkantoran,-6.1574904,106.9151238
Sunter Park View,Apartemen,-6.1574793,106.8840819
D' Batavia Hotel,Hotel,-6.1838813,106.8296419
Istana Ratu,Hotel,-6.1836685,106.829682
Sriwijaya Hotel,Hotel,-6.1688048,106.8298873
"PT. Kimia Farma, Tbk.",Gedung Perkantoran,-6.1681522,106.8268186
Hotel Ashley,Hotel,-6.1840784,106.8246774
Garuda Indonesia,Gedung Perkantoran,-6.1826023,106.8257338
Badan Pembinaan Ideologi Pancasila Gambir,Gedung Perkantoran,-6.168817,106.8252827
Presidential House - Indonesia,Gedung Perkantoran,-6.1678251,106.8239191
Hotel Luminor Pecenongan,Hotel,-6.1645756,106.8262036
Hotel Antara,Hotel,-6.1660512,106.8331336
Hotel Pasar Baru,Hotel,-6.1651784,106.8345601
Yuan Garden Hotel Pasar Baru,Hotel,-6.1630955,106.8323987
Palang Merah Indonesia,Gedung Perkantoran,-6.1627995,106.8268055
Classic Hotel,Hotel,-6.1620637,106.8297224
Red Planet Hotel Pasar Baru Red Planet Hotel,Hotel,-6.1601527,106.834453
Favehotel Pasar Baru,Hotel,-6.1599734,106.8359328
Oyo 208 G. House,Hotel,-6.1587655,106.8338458
Hotel Lautze Indah,Hotel,-6.1573337,106.8348533
Superoti,Gedung Perkantoran,-6.1568767,106.8303665
Alpine Hotel,Hotel,-6.1556857,106.8366324
Swiss Bell Hotel Mangga Besar,Hotel,-6.1495738,106.8341053
Fashion Hotel,Hotel,-6.1491207,106.835186
Polsub Sektor Sawah Besar Stasiun Sawah Besar,Gedung Perkantoran,-6.1597788,106.8274321
Yayasan Haji Karim OEI,Gedung Perkantoran,-6.1589295,106.8299436
Grand batik inn,Hotel,-6.1499002,106.8274618
Diva Family Karaoke Mangga Besar,Gedung Perkantoran,-6.1485185,106.8273904
Hotel 88 Mangga Besar Raya,Hotel,-6.1483127,106.8288848
Orchardz hotel Jayakarta,Hotel,-6.14262,106.828939
Apartemen Pesona Bahari,Apartemen,-6.1395053,106.8282825
Grand Orchardz Hotel,Hotel,-6.1485222,106.8385847
Ruko Permata Ancol,Gedung Perkantoran,-6.1315967,106.8382685
U Stay Hotel Mangga Besar,Hotel,-6.1489985,106.8334861
Orchrdz Hotel Industri,Hotel,-6.1480963,106.8364213
Orchardz Hotel,Hotel,-6.1471302,106.8359908
Ibis Styles,Hotel,-6.1392761,106.8318098
Hamparan Stone,Gedung Perkantoran,-6.1364703,106.8275543
Grand Dafam Ancol,Hotel,-6.1296127,106.8294212
Mandiri Tunas Finance,Gedung Perkantoran,-6.1365745,106.831447
Super Spring Pusat,Gedung Perkantoran,-6.1338659,106.832237
Mercure Hotel Ancol,Hotel,-6.1223774,106.8365693
C One,Hotel,-6.1724023,106.8632249
PT Wahana Mandiri Sydratama,Gedung Perkantoran,-6.1662289,106.8733669
Apartemen Graha Cempaka Mas,Apartemen,-6.1648466,106.8761729
Kantor Sekretariat RW 03,Gedung Perkantoran,-6.1633178,106.8503574
Kantor Pusat Direktorat jenderal kekayaan negara,Gedung Perkantoran,-6.1689635,106.8378415
HARRIS Hotel & Conventions Kelapa Gading,Hotel,-6.1574195,106.9101666
Wondermind Kelapa Gading,Gedung Perkantoran,-6.1571867,106.9071164
Oyo near Mall of Indonesia,Hotel,-6.1543351,106.8967551
Graha WPN,Gedung Perkantoran,-6.1536714,106.8859471
Grand Whiz Hotel,Hotel,-6.1533567,106.89681
Whiz Prime Hotel,Hotel,-6.1532452,106.8924587
Paladian Park Apartment (Main Entrance),Apartemen,-6.1529053,106.8966197
Sherwood Residence (Main Entrance),Apartemen,-6.1528485,106.9068571
eL Hotel Royale Jakarta,Hotel,-6.1524272,106.8956182
Hotel All Sedayu Kelapa Gading,Hotel,-6.1520522,106.8918648
PT Asia Jabo International,Gedung Perkantoran,-6.1509503,106.8978608
Grahaesa,Gedung Perkantoran,-6.1508124,106.8970789
PT Filtagreen Global,Gedung Perkantoran,-6.150794,106.8970819
Graha Kirana,Gedung Perkantoran,-6.1506899,106.8878373
San Fransisco Apartment at Moi,Apartemen,-6.1501696,106.8905933
"Kairos Duta MOI, Rukan Gading Riverview",Gedung Perkantoran,-6.1493259,106.8901844
Cabin Hotel Sunter,Hotel,-6.1479927,106.8881984
Sunlake Waterfront Hotel Resort & Convention,Hotel,-6.1470447,106.8794521
Apartemen Grand Palace Kemayoran,Apartemen,-6.1602289,106.8528327
Mediterania Boulevard Residences,Apartemen,-6.1556153,106.8519177
Apartemen Green Lake Northern Park Residences,Apartemen,-6.1454996,106.8755481
DoubleTree by Hilton Jakarta Kemayoran,Hotel,-6.1411172,106.8536513
Upperclicks,Gedung Perkantoran,-6.1348369,106.8660606
Rukan Artha Gading Niaga,Gedung Perkantoran,-6.145515,106.8944799
Kantor Sekretariat RW. 24,Gedung Perkantoran,-6.1454284,106.9147832
Kantor Imigrasi Kelas I Jakarta Utara,Gedung Perkantoran,-6.145283,106.8939002
Pusat Hidrografi dan Oseanografi TNI Angkatan Laut,Gedung Perkantoran,-6.1234157,106.8458461
d'ARCICI Hotel Sunter,Hotel,-6.1318082,106.863776
Hotel Sunter Paradise,Hotel,-6.1315369,106.8636644
Rumah Aspirasi OSCO,Gedung Perkantoran,-6.1175891,106.8785968
BAWASLU KOTA JAKARTA UTARA,Gedung Perkantoran,-6.1109419,106.8992817
Sekertariat RW 10,Gedung Perkantoran,-6.0986795,106.9640184
kantor UPRS,Gedung Perkantoran,-6.0982779,106.9631587
Sekretariat RT,Gedung Perkantoran,-6.0979173,106.9631939
Yayasan Pendidikan dan Kesejahteraan Disabilitas,Gedung Perkantoran,-6.0974822,106.9641061
sekret rt,Gedung Perkantoran,-6.0973463,106.9638968
Pelatihan Menjahit Yayasan Ponda,Gedung Perkantoran,-6.0944726,106.9637553
Rumah Belajar Scott Thompson,Gedung Perkantoran,-6.0944285,106.9639006
Amanah Homestay,Hotel,-6.3124659,106.7782937
Pevent Group,Gedung Perkantoran,-6.2969039,106.7878723
Metropolitan Tower,Gedung Perkantoran,-6.2933676,106.7850946
Wisma MRA,Gedung Perkantoran,-6.2919282,106.796566
LogID,Gedung Perkantoran,-6.2915296,106.7920827
P,Gedung Perkantoran,-6.3568811,106.8008912
Rà Premiere,Hotel,-6.2936419,106.8022559
PT PAM Lyonnaise Jaya,Gedung Perkantoran,-6.292953,106.8061262
PT BKS Kantor Pusat,Gedung Perkantoran,-6.2841169,106.8075256
GO Work Fatmawati,Gedung Perkantoran,-6.2716101,106.797278
Depo MRT Jakarta,Gedung Perkantoran,-6.2899878,106.7756611
Hotel Kristal,Hotel,-6.2838069,106.7908115
Bumimas Jakarta Apartment,Apartemen,-6.2809064,106.7949493
Jasa Site Plan,Gedung Perkantoran,-6.2887533,106.7743663
Safin Inn Cipete,Hotel,-6.2669213,106.8027478
Ninja,Gedung Perkantoran,-6.2542046,106.8012671
The 101 Hotel,Hotel,-6.2539123,106.8018157
Hotel Sutasoma,Hotel,-6.2538505,106.7981078
Pondok Indah Residence,Apartemen,-6.264758,106.7804468
Rumah Zakat,Gedung Perkantoran,-6.258965,106.7894414
Graha Mentari,Gedung Perkantoran,-6.2587827,106.777732
PT Dimensi Procipta Indonesia (DP Haus),Gedung Perkantoran,-6.258654,106.789522
Kudo,Gedung Perkantoran,-6.2534255,106.7909183
Kantor Notaris/PPAT Yeldi Anwar,Gedung Perkantoran,-6.25102,106.7914771
ETrading Securities,Gedung Perkantoran,-6.2498364,106.7918979
Gran Mahakam Hotel,Hotel,-6.244778,106.7951832
Fortune Hotel SPA & Lounge,Hotel,-6.2537202,106.8001343
The Dharmawangsa,Hotel,-6.2533599,106.8052625
Bimasena,Hotel,-6.2526701,106.80381
Baraya Travel,Gedung Perkantoran,-6.247557,106.805059
Amaris Hotel Panglima Polim,Hotel,-6.2462701,106.7988528
NEO Hotel Melawai - Jakarta,Hotel,-6.2456454,106.7981983
Rumah Kamang Residence,Hotel,-6.3045421,106.8169443
PT. Control Systems Arena Para Nusa,Gedung Perkantoran,-6.2912763,106.8191898
AAPL Indonesia Crew,Gedung Perkantoran,-6.2878107,106.8187397
graha str building,Gedung Perkantoran,-6.2876174,106.8188496
NEO Hotel Tendean - Jakarta,Hotel,-6.2387753,106.8176696
Four Seasons,Hotel,-6.2326611,106.8194693
PT Epson Indonesia,Gedung Perkantoran,-6.2952035,106.8153228
PT. Nagata Bisma Shakti,Gedung Perkantoran,-6.2932354,106.8158118
Aloft Jakarta Simatupang,Hotel,-6.2917317,106.8161961
PT Greentek Indonesia,Gedung Perkantoran,-6.290671,106.8106605
TransTRACK.ID,Gedung Perkantoran,-6.2906328,106.8097357
Medecins Sans Frontieres,Gedung Perkantoran,-6.2820149,106.8131817
Yayasan KEHATI,Gedung Perkantoran,-6.2787345,106.8139142
Cosmo Amaroossa Hotel,Hotel,-6.2764538,106.8086077
Sekretariat DPP HIMKI,Gedung Perkantoran,-6.2751131,106.8162078
Advokat Ucok Adenan Hasibuan & Partners,Gedung Perkantoran,-6.2750522,106.8160885
Hotel Kuretakeso Kemang,Hotel,-6.2540413,106.8142681
DHL Logistics,Gedung Perkantoran,-6.2444769,106.8094601
Conclave,Gedung Perkantoran,-6.2399368,106.8148313
F/F Entertainment,Gedung Perkantoran,-6.2375076,106.8160199
Fave Hotel Jakarta Gatot Subroto,Hotel,-6.2273731,106.8200559
d+a coworking,Gedung Perkantoran,-6.2267705,106.8193481
Dattabot,Gedung Perkantoran,-6.232635,106.8117586
Badan Koordinasi Penanaman Modal,Gedung Perkantoran,-6.2267054,106.8162047
Kedutaan besar Yordania,Gedung Perkantoran,-6.2247246,106.8110376
"Taipei Economic and Trade Office, Jakarta, Indonesia",Gedung Perkantoran,-6.2246335,106.8109867
The Ritz-Carlton Jakarta,Hotel,-6.2237809,106.8098165
Artotel,Hotel,-6.2215263,106.8150855
LINE Plus Indonesia Office Building,Gedung Perkantoran,-6.21746,106.812861
Hotel STC Senayan,Hotel,-6.2276297,106.7988447
Sentral Senayan 3,Gedung Perkantoran,-6.2274661,106.7990056
LINE Indonesia,Gedung Perkantoran,-6.2259877,106.80664
Harris Suites fX Sudirman - Jakarta,Hotel,-6.2253018,106.8038892
Bursa Efek Indonesia,Gedung Perkantoran,-6.2233971,106.8079527
Mission of New Zealand to Association of South East Asian Nations,Gedung Perkantoran,-6.2213697,106.7982922
Embassy of New Zealand,Gedung Perkantoran,-6.2211358,106.7982872
"Koléga x MarkPlus, Satrio",Gedung Perkantoran,-6.222648,106.8229571
Home Living Indonesia,Gedung Perkantoran,-6.2224037,106.8227733
Solusi 24/7,Gedung Perkantoran,-6.2223759,106.8226953
Kedutaan Kroasia,Gedung Perkantoran,-6.2244311,106.8169576
PT. Tokopedia,Gedung Perkantoran,-6.2212174,106.8193535
Boston Consulting Group,Gedung Perkantoran,-6.2171292,106.8181458
Hexa Conservation Indonesia,Gedung Perkantoran,-6.2166455,106.8178634
Kedutaan Besar Guatemala,Gedung Perkantoran,-6.2153005,106.8203804
Kedutaan Besar Kanada,Gedung Perkantoran,-6.2152952,106.8204412
Kedutaan Besar Panama,Gedung Perkantoran,-6.2152448,106.8203124
Kedutaan Besar Ekuador,Gedung Perkantoran,-6.2152132,106.820394
Kedutaan Besar Irlandia,Gedung Perkantoran,-6.2151894,106.8203231
Kedutaan Besar Republik Afrika Selatan,Gedung Perkantoran,-6.2174406,106.8127785
McKinsey & Company,Gedung Perkantoran,-6.2173253,106.8130071
Kedutaan besar Kolombia,Gedung Perkantoran,-6.2168282,106.8164902
The Orient Jakarta,Hotel,-6.2157683,106.8161664
Park Royal Apartment,Apartemen,-6.2125641,106.8092413
"UnionSPACE - Menara Batavia, Jakarta Pusat",Gedung Perkantoran,-6.2107296,106.8155126
TCC Batavia,Gedung Perkantoran,-6.2103752,106.8156419
GrabTaxi (Benhil),Gedung Perkantoran,-6.2091769,106.8122488
Bintaro Park View Marketing Office,Gedung Perkantoran,-6.257966,106.7594955
Grha SanQua,Gedung Perkantoran,-6.2571004,106.7644709
Fontana Hotel,Hotel,-6.2382109,106.7714347
Apartemen Permata Eksekutif,Apartemen,-6.2168119,106.7644779
Favehotel Melawai Blok M,Hotel,-6.2444589,106.8014773
Ambhara Hotel Jakarta,Hotel,-6.2433604,106.803287
38 Prima Hotel,Hotel,-6.2427957,106.8014996
PT. BISMA DHARMA KENCANA,Gedung Perkantoran,-6.2415108,106.8020548
Aditya Mansions,Apartemen,-6.2414286,106.8037334
Divisi Humas Polri,Gedung Perkantoran,-6.2383547,106.8039067
Kedutaan Besar Papua Niugini,Gedung Perkantoran,-6.22802,106.799729
"UnionSPACE - SCBD District 8, Jakarta Selatan",Gedung Perkantoran,-6.227896,106.8058911
Gandaria 8 Office Tower,Gedung Perkantoran,-6.2427923,106.7833496
K&K Advocates,Gedung Perkantoran,-6.2396776,106.7957645
Veranda Hotel,Hotel,-6.2395907,106.7858187
JNE,Gedung Perkantoran,-6.2388828,106.784138
Pakubuwono Residence (Main Entrance),Apartemen,-6.2374013,106.7866327
Sommerset Berlian Jakarta,Hotel,-6.2234396,106.7817469
Sunbreeze Hotel,Hotel,-6.2232425,106.7906829
Airy rooms/ wisma,Hotel,-6.2229816,106.7780708
Rukan Permata Senayan,Gedung Perkantoran,-6.2218916,106.791198
Graha Pena,Gedung Perkantoran,-6.2150741,106.7777897
Kompas TV,Gedung Perkantoran,-6.209012,106.794027
PopBox,Gedung Perkantoran,-6.2060608,106.7963252
Bina Nusantara Computer Club,Gedung Perkantoran,-6.2035078,106.7830258
Teach For Indonesia,Gedung Perkantoran,-6.2020522,106.7813501
Sekretariat TKN Prabowo - Gibran,Gedung Perkantoran,-6.192768,106.7966863
Apartment Menara Kb. Jeruk,Apartemen,-6.1867827,106.7778106
Webhozz,Gedung Perkantoran,-6.2167252,106.7701708
PT. Insatek Maju Bersama - Rep. Jakarta,Gedung Perkantoran,-6.2150287,106.7252225
Graha Tedja,Gedung Perkantoran,-6.2096261,106.7710499
Kompas Gramedia Majalah,Gedung Perkantoran,-6.1947583,106.7687183
Prisma Ballroom Wedding Hall,Gedung Perkantoran,-6.1936965,106.7598179
Apartemen Puri Park View,Apartemen,-6.1919672,106.7559649
Wisma Akr,Gedung Perkantoran,-6.1916719,106.7683875
PT. Navita Origo Inovator,Gedung Perkantoran,-6.2009562,106.7984766
PT. Lautan Otsuka Chemical,Gedung Perkantoran,-6.1999142,106.8000713
Wisma Barito Pacific,Gedung Perkantoran,-6.197396,106.7983386
Mitsubishi,Gedung Perkantoran,-6.1903883,106.7975814
Blibli.com Merchant Corner,Gedung Perkantoran,-6.189576,106.8048353
Kawan Lama,Gedung Perkantoran,-6.1908239,106.7434699
Gedung Sastra Graha,Gedung Perkantoran,-6.1904646,106.766
Pro-Int Dinamika,Gedung Perkantoran,-6.1885171,106.7385968
LIPPO ST MORITZ OFFICE TOWER,Gedung Perkantoran,-6.1884269,106.7385661
FedEx Duri Kepa,Gedung Perkantoran,-6.188152,106.7693693
UPPD & PTSP Kembangan,Gedung Perkantoran,-6.1866444,106.7373694
Graha Jetcoms,Gedung Perkantoran,-6.1864861,106.7616177
favehotel Puri Indah,Hotel,-6.1828896,106.7512565
Graha XL S Parman,Gedung Perkantoran,-6.1866973,106.7972947
Twin Plaza Hotel,Hotel,-6.1826158,106.7971419
Kredivo Operations Office,Gedung Perkantoran,-6.1786649,106.7969325
Studio Ubud,Gedung Perkantoran,-6.1865201,106.7779376
DPP Partai Golkar,Gedung Perkantoran,-6.1849854,106.7938107
B Fashion Hotel,Hotel,-6.1818293,106.7921331
Sekretariat RW 07 (Front Office Taman Anggrek),Gedung Perkantoran,-6.1788679,106.7919629
Pusri Wisma 101,Gedung Perkantoran,-6.1787264,106.7963404
BNI Central Park,Gedung Perkantoran,-6.1785631,106.7890427
"Anugerah Adhikarya Ajaib, PT",Gedung Perkantoran,-6.1763423,106.7837684
Sansure,Gedung Perkantoran,-6.1758014,106.7899374
Telkom Indonesia,Gedung Perkantoran,-6.1756934,106.7930057
Godrej,Gedung Perkantoran,-6.1745838,106.7888781
MSTRI FM 104.2,Gedung Perkantoran,-6.1736309,106.7844525
PENABUR ESOL Centre,Gedung Perkantoran,-6.1731631,106.7882304
Kedutaan besar Timor Leste,Gedung Perkantoran,-6.2136693,106.8200801
Prasada Mansion,Hotel,-6.213392,106.8218783
Acibadem,Gedung Perkantoran,-6.2120327,106.820719
Sahid Sudirman Center,Gedung Perkantoran,-6.21087,106.8186038
MidPlaza,Gedung Perkantoran,-6.209796,106.8209618
Flow Coworking,Gedung Perkantoran,-6.2092862,106.8210437
Biznet Networks,Gedung Perkantoran,-6.2091672,106.8204664
Delegation of the European Union,Gedung Perkantoran,-6.2072331,106.821557
Kedutaan besar Costa Rica,Gedung Perkantoran,-6.2059862,106.8215327
World Food Programme,Gedung Perkantoran,-6.2058491,106.8212849
Dewan Perwakilan Rakyat / Majelis Permusyawaratan Rakyat,Gedung Perkantoran,-6.2099308,106.8007426
BPJS Kesehatan / BPJS Ketenagakerjaan,Gedung Perkantoran,-6.2027453,106.8010767
PT. Karya Mentari Seraya,Gedung Perkantoran,-6.2016295,106.8008489
UPPD Tanah Abang,Gedung Perkantoran,-6.1997602,106.8143284
Lazada Tanah Abang,Gedung Perkantoran,-6.198739,106.81506
Christin Wu,Gedung Perkantoran,-6.19721,106.8157297
RedDoorz,Hotel,-6.1958216,106.8146163
Hotel Mustika,Hotel,-6.1898013,106.8129075
Kedutaan besar Chili,Gedung Perkantoran,-6.1990381,106.8235949
Mercedes-Benz,Gedung Perkantoran,-6.1957138,106.8241935
Hotel Indonesia Kempinski,Hotel,-6.1952375,106.8221687
Jakpro,Gedung Perkantoran,-6.194482,106.8175506
MAIA HOTEL JAKARTA,Hotel,-6.1936647,106.8170532
TomTom,Gedung Perkantoran,-6.1926093,106.8217648
iHome Residence,Hotel,-6.18836,106.819745
Wisma Multi 88,Hotel,-6.1881323,106.8204528
I Home Residence,Hotel,-6.188039,106.8182265
Kedutaan Besar Belgia,Gedung Perkantoran,-6.195658,106.8243622
Pullman Jakarta,Hotel,-6.1932995,106.823811
Plaza Permata,Gedung Perkantoran,-6.1922887,106.8238651
Oil center,Gedung Perkantoran,-6.191507,106.8238173
Wisma Kosgoro,Gedung Perkantoran,-6.1910372,106.8232094
Sinarmas Land Plaza II,Gedung Perkantoran,-6.1901171,106.8232875
BII Tower,Gedung Perkantoran,-6.1899822,106.823258
Plaza BII,Gedung Perkantoran,-6.1897378,106.8232657
CFC,Gedung Perkantoran,-6.1842447,106.8111636
Juno,Hotel,-6.1874058,106.817293
Fave Hotel Wahid Hasyim,Hotel,-6.1870817,106.8205212
Kedutaan besar Argentina,Gedung Perkantoran,-6.1856514,106.8222196
UNDP,Gedung Perkantoran,-6.1855673,106.8221328
Dinas Pengawasan Bangunan,Gedung Perkantoran,-6.1818581,106.8110463
"Dinas Penataan Kota, Bina Marga dan Tata Air",Gedung Perkantoran,-6.1815781,106.8110422
Beritagar.id,Gedung Perkantoran,-6.181186,106.8151034
Flamenco Urban Living,Hotel,-6.1795852,106.8165879
BADAN PENDAPATAN DAERAH PROVINSI DKI JAKARTA,Gedung Perkantoran,-6.1781165,106.8183339
BPBD Provinsi DKI Jakarta,Gedung Perkantoran,-6.1779849,106.8185529
RajaKamar Indonesia,Gedung Perkantoran,-6.1689115,106.8208966
Hotel Zenrooms Hayam Wuruk,Hotel,-6.1659018,106.8214024
Ambulans Gawat Darurat Dinas Kesehatan DKI Jakarta,Gedung Perkantoran,-6.1722863,106.8144958
Dinas Kesehatan Provinsi DKI Jakarta,Gedung Perkantoran,-6.1708942,106.8148191
OYO,Hotel,-6.1683446,106.8152556
PT Magna Perkasa,Gedung Perkantoran,-6.1669149,106.81511
PT Perusahaan Gas Negara,Gedung Perkantoran,-6.1597373,106.8156799
Apartemen Mediterania Gajah Mada,Apartemen,-6.1492967,106.8155777
Hotel & Spa Malioboro Jakarta,Hotel,-6.1630853,106.8194475
Ro & Vi Hotel,Hotel,-6.1560681,106.8185331
Illigals Hotel & Club,Hotel,-6.1521554,106.8175552
Antoni,Hotel,-6.1510827,106.8175389
Env Room - Red Doorz Mangga Besar 2,Hotel,-6.1504865,106.8208296
Hotel Mercure Jakarta Kota,Hotel,-6.1490679,106.8171008
Hotel Travel,Hotel,-6.1510786,106.8259886
Hotel 88 Mangga Besar VIII,Hotel,-6.1508468,106.8256577
Kantor Pelayanan Pajak Pratama Jakarta Tamansari Satu,Gedung Perkantoran,-6.1494476,106.8227825
Hotel 88 Mangga Besar 62,Hotel,-6.1491442,106.8237398
Hotel Astika,Hotel,-6.1489029,106.8251598
Luminor Hotel,Hotel,-6.1487012,106.8233276
Wow! Hotel Mangga Besar,Hotel,-6.1485666,106.8222476
Hotel 55 B&B,Hotel,-6.1412157,106.8225609
Zuri Express Mangga Dua by ZHM Zuri Express Hotel Jakarta - Mangga Dua,Hotel,-6.1396224,106.8253242
Jayakarta Hotels and Resorts,Hotel,-6.1473169,106.8170696
PT. Mitra Teknik Elektrindo,Gedung Perkantoran,-6.1439118,106.8171141
Golden Crown,Hotel,-6.1423676,106.8171774
Hotel Novotel Gajah Mada,Hotel,-6.147304,106.8157261
Fave Hotel LTC Glodok Jakarta,Hotel,-6.145905,106.8161388
HOTEL MUTIARA Kota Tua,Hotel,-6.1406291,106.8142112
Sekretariat RW 06,Gedung Perkantoran,-6.1396047,106.8231945
D'Prima Hotel ITC Mangga Dua,Hotel,-6.1385808,106.8223449
Le Grandeur Mangga Dua,Hotel,-6.1370926,106.8258294
Alexis Hotel,Hotel,-6.1319079,106.823806
Urbanview Hotel Kota Tua Jakarta,Hotel,-6.1315449,106.8088245
Apartment Pluit Sea View,Apartemen,-6.121142,106.8072289
Rusunawa Waduk Pluit,Apartemen,-6.1103209,106.799534
Hotel Ciputra,Hotel,-6.1679987,106.786699
CV DSM WH,Gedung Perkantoran,-6.1670885,106.7780091
Hotel 88 (Grogol),Hotel,-6.1659373,106.7907957
Feodora,Hotel,-6.165892,106.7899123
Johnson Health Tech Indonesia,Gedung Perkantoran,-6.182214,106.7669501
Wang Residences,Apartemen,-6.1735844,106.766024
"Tower The Crest, Complex West Vista Apartemen",Apartemen,-6.1580017,106.7261003
Apartemen Vittoria Residence,Apartemen,-6.1574196,106.7358693
PT International Chemical Industry,Gedung Perkantoran,-6.1570578,106.7515976
PT International  Chemical Industry,Gedung Perkantoran,-6.156934,106.7506715
Kantor Cabang Oriflame,Gedung Perkantoran,-6.1651335,106.7829603
XO Hall,Gedung Perkantoran,-6.1633657,106.7747595
Wijaya Biro SIM,Gedung Perkantoran,-6.1608227,106.7902671
Amaris Hotel Season City,Hotel,-6.1541867,106.7958958
Apartemen Seasons City,Apartemen,-6.1531658,106.7963865
Jakarta International Customer Service Institute,Gedung Perkantoran,-6.14676,106.7883284
Taman Duta Mas (Main Entrance),Gedung Perkantoran,-6.144338,106.7802675
Rono Percetakan,Gedung Perkantoran,-6.1625741,106.8059215
Smart GPS Jakarta,Gedung Perkantoran,-6.1523155,106.807372
Kantor RW 19 (lantai 2 apartemen),Gedung Perkantoran,-6.1233962,106.7988849
Apartemen Pluit Sea View,Apartemen,-6.1215817,106.8067374
Hz,Gedung Perkantoran,-6.1490884,106.7321189
Yayasan Mulyajaya,Gedung Perkantoran,-6.146813,106.7293747
Lembaga Dakwah Islam Indonesia,Gedung Perkantoran,-6.1459443,106.7297637
Apartemen Perumnas Sentraland Cengkareng,Apartemen,-6.1399034,106.7387132
Hilton Garden Inn Jakarta Taman Palem,Hotel,-6.1388307,106.729107
Grand Kimochi,Gedung Perkantoran,-6.1378786,106.7327359
Magnum Massage,Gedung Perkantoran,-6.1375147,106.7327362
Seven Heaven Massage,Gedung Perkantoran,-6.1373277,106.7327495
Aston Cengkareng City Hotel,Hotel,-6.1370492,106.7333441
Hariston Hotel & Suites Bandengan,Hotel,-6.1372972,106.7882068
Hotel Holiday Inn Express,Hotel,-6.1270664,106.7905636
Fave Hotel Pluit Junction,Hotel,-6.1264489,106.791403
Wisma ADR,Gedung Perkantoran,-6.125835,106.7947038
Multi Power Aditama,Gedung Perkantoran,-6.1249833,106.7779923
Dd,Gedung Perkantoran,-6.1349611,106.7305039
Paradise Mansion Apartemen,Apartemen,-6.1314558,106.7028976
Apartemen City Park,Apartemen,-6.1314395,106.7349773
WonderMind Pluit Village,Gedung Perkantoran,-6.1159558,106.7880296
Antheia Photography,Gedung Perkantoran,-6.1109118,106.7419364
Gold Coast PIK Apartemen,Apartemen,-6.1025417,106.7385349
undefined,Gedung Perkantoran,-6.285443,106.8336224
undefined,Gedung Perkantoran,-6.2403358,106.8270033
undefined,Hotel,-6.2351349,106.8302629
undefined,Gedung Perkantoran,-6.2325534,106.8295096
undefined,Gedung Perkantoran,-6.2324703,106.8290791
undefined,Gedung Perkantoran,-6.2324683,106.8294063
undefined,Gedung Perkantoran,-6.2686858,106.8238267
undefined,Gedung Perkantoran,-6.2686842,106.8237264
undefined,Gedung Perkantoran,-6.2391811,106.8320521
undefined,Gedung Perkantoran,-6.2328643,106.8311873
undefined,Gedung Perkantoran,-6.2327315,106.8313101
undefined,Gedung Perkantoran,-6.2283507,106.8326829
undefined,Gedung Perkantoran,-6.226133,106.831556
undefined,Hotel,-6.2251292,106.8311718
undefined,Gedung Perkantoran,-6.2292068,106.8250232
undefined,Gedung Perkantoran,-6.2279226,106.8251758
undefined,Gedung Perkantoran,-6.2278223,106.8252346
undefined,Gedung Perkantoran,-6.227806,106.8250785
undefined,Gedung Perkantoran,-6.2322277,106.8301122
undefined,Gedung Perkantoran,-6.2321752,106.8303071
undefined,Gedung Perkantoran,-6.2312881,106.8279894
undefined,Gedung Perkantoran,-6.2269894,106.8263981
undefined,Gedung Perkantoran,-6.2269738,106.8265226
undefined,Gedung Perkantoran,-6.2269348,106.8263702
undefined,Gedung Perkantoran,-6.2269133,106.8265248
undefined,Gedung Perkantoran,-6.2257824,106.8302383
undefined,Hotel,-6.225529,106.8296498
undefined,Gedung Perkantoran,-6.2253914,106.8282971
undefined,Gedung Perkantoran,-6.2253785,106.8282328
undefined,Gedung Perkantoran,-6.2253484,106.8281488
undefined,Gedung Perkantoran,-6.2262851,106.8256245
undefined,Gedung Perkantoran,-6.2231333,106.8337811
undefined,Hotel,-6.2195593,106.8321188
undefined,Gedung Perkantoran,-6.2192047,106.834572
undefined,Gedung Perkantoran,-6.2253129,106.8280442
undefined,Gedung Perkantoran,-6.2252816,106.8283468
undefined,Gedung Perkantoran,-6.2240337,106.8267096
undefined,Gedung Perkantoran,-6.2239345,106.8264492
undefined,Gedung Perkantoran,-6.2238253,106.826619
undefined,Hotel,-6.214789,106.8281047
undefined,Gedung Perkantoran,-6.3104306,106.9000868
undefined,Gedung Perkantoran,-6.2951991,106.8418969
undefined,Hotel,-6.2864649,106.8436197
undefined,Gedung Perkantoran,-6.2774719,106.8452672
undefined,Gedung Perkantoran,-6.275898,106.843761
undefined,Gedung Perkantoran,-6.2663379,106.8438359
undefined,Gedung Perkantoran,-6.2658545,106.8439272
undefined,Gedung Perkantoran,-6.2643743,106.8441953
undefined,Gedung Perkantoran,-6.2849108,106.8716813
undefined,Hotel,-6.2691359,106.8466054
undefined,Gedung Perkantoran,-6.2487383,106.8605113
undefined,Gedung Perkantoran,-6.2436803,106.8536048
undefined,Gedung Perkantoran,-6.2574537,106.8427613
undefined,Gedung Perkantoran,-6.248078,106.8424123
undefined,Hotel,-6.2419446,106.8447622
undefined,Gedung Perkantoran,-6.2414224,106.8442356
undefined,Gedung Perkantoran,-6.2376723,106.8453164
undefined,Hotel,-6.2368356,106.8446662
undefined,Hotel,-6.2348018,106.8446135
undefined,Hotel,-6.2339067,106.8436052
undefined,Gedung Perkantoran,-6.2324781,106.8436553
undefined,Gedung Perkantoran,-6.2322141,106.843764
undefined,Gedung Perkantoran,-6.2398508,106.8584887
undefined,Gedung Perkantoran,-6.2308176,106.8470085
undefined,Gedung Perkantoran,-6.2304812,106.8463375
undefined,Gedung Perkantoran,-6.2300219,106.8466691
undefined,Gedung Perkantoran,-6.2297418,106.8475663
undefined,Gedung Perkantoran,-6.2039658,106.9137467
undefined,Gedung Perkantoran,-6.2039058,106.9136541
undefined,Gedung Perkantoran,-6.2038931,106.9136416
undefined,Gedung Perkantoran,-6.2161388,106.8545214
undefined,Gedung Perkantoran,-6.2142691,106.8670922
undefined,Gedung Perkantoran,-6.2129754,106.8462405
undefined,Gedung Perkantoran,-6.2001704,106.8235697
undefined,Gedung Perkantoran,-6.2165267,106.8353031
undefined,Hotel,-6.2054958,106.8343267
undefined,Gedung Perkantoran,-6.1955015,106.8365678
undefined,Gedung Perkantoran,-6.2128754,106.8297164
undefined,Gedung Perkantoran,-6.2106848,106.8299176
undefined,Gedung Perkantoran,-6.2016514,106.8416613
undefined,Gedung Perkantoran,-6.2015176,106.8420756
undefined,Gedung Perkantoran,-6.2013837,106.8424315
undefined,Gedung Perkantoran,-6.2009875,106.8416899
undefined,Gedung Perkantoran,-6.2006605,106.8430352
undefined,Gedung Perkantoran,-6.200569,106.8382129
undefined,Gedung Perkantoran,-6.1987717,106.8374597
undefined,Gedung Perkantoran,-6.1976038,106.8395835
undefined,Gedung Perkantoran,-6.1964579,106.8399432
undefined,Gedung Perkantoran,-6.1933251,106.8365897
undefined,Gedung Perkantoran,-6.1925593,106.835781
undefined,Hotel,-6.1918952,106.8358373
undefined,Hotel,-6.1903043,106.8358867
undefined,Gedung Perkantoran,-6.1893451,106.8363044
undefined,Gedung Perkantoran,-6.189155,106.8358063
undefined,Gedung Perkantoran,-6.1887768,106.832491
undefined,Gedung Perkantoran,-6.1913456,106.8296705
undefined,Gedung Perkantoran,-6.191196,106.829977
undefined,Hotel,-6.1897753,106.8277106
undefined,Hotel,-6.1875613,106.8277658
undefined,Hotel,-6.187491,106.8273332
undefined,Hotel,-6.1874526,106.8292115
undefined,Hotel,-6.1874489,106.8286599
undefined,Hotel,-6.1875433,106.8262499
undefined,Gedung Perkantoran,-6.1852188,106.8261992
undefined,Gedung Perkantoran,-6.1877303,106.8327678
undefined,Gedung Perkantoran,-6.1876161,106.8340275
undefined,Hotel,-6.187577,106.8307504
undefined,Gedung Perkantoran,-6.1862514,106.831645
undefined,Gedung Perkantoran,-6.1849756,106.8332796
undefined,Hotel,-6.184884,106.8343942
undefined,Gedung Perkantoran,-6.1812966,106.8332879
undefined,Gedung Perkantoran,-6.1805194,106.8328284
undefined,Gedung Perkantoran,-6.1803952,106.8332479
undefined,Gedung Perkantoran,-6.1796726,106.8327702
undefined,Gedung Perkantoran,-6.1793421,106.8327081
undefined,Gedung Perkantoran,-6.1788928,106.8325929
undefined,Gedung Perkantoran,-6.2320319,106.8440088
undefined,Gedung Perkantoran,-6.2135714,106.8441759
undefined,Gedung Perkantoran,-6.2133254,106.8443217
undefined,Hotel,-6.210573,106.8453263
undefined,Gedung Perkantoran,-6.2059868,106.8371906
undefined,Hotel,-6.20543,106.8584198
undefined,Gedung Perkantoran,-6.2042604,106.8580061
undefined,Gedung Perkantoran,-6.2034953,106.8577204
undefined,Gedung Perkantoran,-6.2029537,106.8486451
undefined,Gedung Perkantoran,-6.2022205,106.8478532
undefined,Gedung Perkantoran,-6.1992161,106.85219
undefined,Hotel,-6.198041,106.851727
undefined,Gedung Perkantoran,-6.1980367,106.8530333
undefined,Gedung Perkantoran,-6.1975355,106.8510124
undefined,Gedung Perkantoran,-6.1962199,106.8500454
undefined,Gedung Perkantoran,-6.1958809,106.8496723
undefined,Gedung Perkantoran,-6.1935956,106.8530283
undefined,Gedung Perkantoran,-6.1931478,106.8517059
undefined,Gedung Perkantoran,-6.1959182,106.8396929
undefined,Hotel,-6.195423,106.8370849
undefined,Gedung Perkantoran,-6.194651,106.8451555
undefined,Gedung Perkantoran,-6.1943411,106.8408097
undefined,Gedung Perkantoran,-6.1939685,106.8381243
undefined,Hotel,-6.19394,106.8383381
undefined,Hotel,-6.2011483,106.9508267
undefined,Gedung Perkantoran,-6.1987328,106.9045066
undefined,Gedung Perkantoran,-6.1949027,106.9126093
undefined,Gedung Perkantoran,-6.1866484,106.8368343
undefined,Gedung Perkantoran,-6.1848625,106.8432919
undefined,Gedung Perkantoran,-6.1847506,106.8434653
undefined,Gedung Perkantoran,-6.18427,106.8443835
undefined,Hotel,-6.1840621,106.8441053
undefined,Gedung Perkantoran,-6.1906304,106.8481015
undefined,Hotel,-6.1900181,106.8477689
undefined,Gedung Perkantoran,-6.1897663,106.8474246
undefined,Gedung Perkantoran,-6.1877228,106.8463891
undefined,Gedung Perkantoran,-6.1866157,106.8495291
undefined,Gedung Perkantoran,-6.1847768,106.8732933
undefined,Gedung Perkantoran,-6.1811488,106.8394942
undefined,Hotel,-6.1801721,106.840675
undefined,Hotel,-6.1780323,106.8412476
undefined,Gedung Perkantoran,-6.1764593,106.8395313
undefined,Gedung Perkantoran,-6.1763697,106.8397524
undefined,Hotel,-6.17596,106.8404313
undefined,Gedung Perkantoran,-6.1742002,106.8405259
undefined,Hotel,-6.1733301,106.8447098
undefined,Hotel,-6.1725745,106.8410616
undefined,Gedung Perkantoran,-6.1578457,106.8826394
undefined,Gedung Perkantoran,-6.1834282,106.8274101
undefined,Gedung Perkantoran,-6.1682096,106.827438
undefined,Gedung Perkantoran,-6.1681826,106.8279122
undefined,Gedung Perkantoran,-6.1669717,106.8231528
undefined,Hotel,-6.164627,106.8256487
undefined,Hotel,-6.1637673,106.8236263
undefined,Gedung Perkantoran,-6.162983,106.824559
undefined,Gedung Perkantoran,-6.1628995,106.8245388
undefined,Gedung Perkantoran,-6.1686756,106.8327253
undefined,Gedung Perkantoran,-6.1679664,106.834156
undefined,Gedung Perkantoran,-6.167935,106.8349761
undefined,Gedung Perkantoran,-6.1673106,106.8347782
undefined,Gedung Perkantoran,-6.1664209,106.830371
undefined,Gedung Perkantoran,-6.1659966,106.8304489
undefined,Gedung Perkantoran,-6.1677259,106.8300178
undefined,Hotel,-6.1676093,106.8298558
undefined,Gedung Perkantoran,-6.1675759,106.829772
undefined,Gedung Perkantoran,-6.1675488,106.829162
undefined,Gedung Perkantoran,-6.1674557,106.8285416
undefined,Gedung Perkantoran,-6.1665357,106.8271194
undefined,Hotel,-6.1664086,106.8280238
undefined,Hotel,-6.1635457,106.8269886
undefined,Gedung Perkantoran,-6.1527474,106.8360264
undefined,Gedung Perkantoran,-6.1502301,106.8356083
undefined,Hotel,-6.1382841,106.8279046
undefined,Gedung Perkantoran,-6.1376213,106.8283595
undefined,Gedung Perkantoran,-6.1376166,106.8286785
undefined,Gedung Perkantoran,-6.1603055,106.8382957
undefined,Gedung Perkantoran,-6.1596879,106.8395404
undefined,Gedung Perkantoran,-6.159631,106.8377926
undefined,Hotel,-6.1595808,106.8394996
undefined,Hotel,-6.1595768,106.838805
undefined,Hotel,-6.1592763,106.8388619
undefined,Hotel,-6.1582088,106.8380451
undefined,Gedung Perkantoran,-6.1578666,106.8373746
undefined,Hotel,-6.1469428,106.835056
undefined,Gedung Perkantoran,-6.1455176,106.8347603
undefined,Hotel,-6.1454151,106.8350497
undefined,Hotel,-6.1430221,106.8339641
undefined,Gedung Perkantoran,-6.1375552,106.8338269
undefined,Gedung Perkantoran,-6.1366601,106.8293149
undefined,Gedung Perkantoran,-6.1351881,106.8289179
undefined,Hotel,-6.134193,106.8322301
undefined,Hotel,-6.1749654,106.8572297
undefined,Gedung Perkantoran,-6.1741538,106.8476813
undefined,Gedung Perkantoran,-6.1718724,106.8474962
undefined,Hotel,-6.1701833,106.8472551
undefined,Gedung Perkantoran,-6.1624989,106.8708246
undefined,Gedung Perkantoran,-6.1616767,106.8458733
undefined,Gedung Perkantoran,-6.1689529,106.8402648
undefined,Hotel,-6.1674266,106.8397727
undefined,Gedung Perkantoran,-6.1656813,106.8393315
undefined,Gedung Perkantoran,-6.1632635,106.8409676
undefined,Gedung Perkantoran,-6.1630779,106.8387826
undefined,Gedung Perkantoran,-6.162551,106.8411756
undefined,Hotel,-6.1612949,106.8450456
undefined,Hotel,-6.1605317,106.8369466
undefined,Gedung Perkantoran,-6.1614467,106.8464349
undefined,Gedung Perkantoran,-6.1612351,106.848242
undefined,Gedung Perkantoran,-6.1564569,106.8639869
undefined,Gedung Perkantoran,-6.1374388,106.8678116
undefined,Gedung Perkantoran,-6.1464457,106.8955469
undefined,Gedung Perkantoran,-6.140504,106.8836861
undefined,Gedung Perkantoran,-6.1299388,106.9014869
undefined,Gedung Perkantoran,-6.120802,106.8917297
undefined,Gedung Perkantoran,-6.1172106,106.8943754
undefined,Gedung Perkantoran,-6.1161566,106.8944938
undefined,Gedung Perkantoran,-6.1313654,106.8402196
undefined,Gedung Perkantoran,-6.1312126,106.8389638
undefined,Gedung Perkantoran,-6.1227468,106.8609468
undefined,Gedung Perkantoran,-6.1144943,106.8942742
undefined,Hotel,-6.1144804,106.8941998
undefined,Hotel,-6.1126678,106.8961167
undefined,Gedung Perkantoran,-6.1122013,106.8964131
undefined,Gedung Perkantoran,-6.1103306,106.890628
undefined,Gedung Perkantoran,-6.1101443,106.8843967
undefined,Gedung Perkantoran,-6.109509,106.8845241
undefined,Gedung Perkantoran,-6.109445,106.8836769
undefined,Gedung Perkantoran,-6.108172,106.8833346
undefined,Gedung Perkantoran,-6.107545,106.8805495
undefined,Hotel,-6.2962603,106.7992443
undefined,Gedung Perkantoran,-6.2781057,106.7967568
undefined,Gedung Perkantoran,-6.2685637,106.7979524
undefined,Gedung Perkantoran,-6.2905609,106.7950446
undefined,Gedung Perkantoran,-6.2886645,106.7950545
undefined,Gedung Perkantoran,-6.2878383,106.7951616
undefined,Gedung Perkantoran,-6.2865309,106.7955188
undefined,Gedung Perkantoran,-6.2779368,106.7965035
undefined,Gedung Perkantoran,-6.2769623,106.7961067
undefined,Gedung Perkantoran,-6.2853431,106.7734169
undefined,Gedung Perkantoran,-6.2641241,106.7989488
undefined,Gedung Perkantoran,-6.2641079,106.7982944
undefined,Gedung Perkantoran,-6.2636759,106.7988635
undefined,Gedung Perkantoran,-6.263236,106.7972542
undefined,Gedung Perkantoran,-6.2612309,106.7968033
undefined,Gedung Perkantoran,-6.259872,106.7976397
undefined,Gedung Perkantoran,-6.2494829,106.7784319
undefined,Gedung Perkantoran,-6.2481051,106.8076679
undefined,Gedung Perkantoran,-6.2476836,106.8079122
undefined,Gedung Perkantoran,-6.3498342,106.8185162
undefined,Gedung Perkantoran,-6.2793906,106.8197897
undefined,Gedung Perkantoran,-6.2335932,106.821637
undefined,Gedung Perkantoran,-6.2314948,106.8215968
undefined,Gedung Perkantoran,-6.2952313,106.8143577
undefined,Gedung Perkantoran,-6.2787612,106.8137216
undefined,Gedung Perkantoran,-6.2781284,106.8140022
undefined,Gedung Perkantoran,-6.2781149,106.8140226
undefined,Hotel,-6.2541388,106.8137475
undefined,Gedung Perkantoran,-6.2358857,106.8140218
undefined,Gedung Perkantoran,-6.2302042,106.8209121
undefined,Gedung Perkantoran,-6.2300571,106.8208161
undefined,Gedung Perkantoran,-6.2299682,106.8205363
undefined,Gedung Perkantoran,-6.2299311,106.8207398
undefined,Gedung Perkantoran,-6.2298426,106.8206816
undefined,Gedung Perkantoran,-6.2255214,106.8175388
undefined,Gedung Perkantoran,-6.2251265,106.8173987
undefined,Gedung Perkantoran,-6.2233232,106.808436
undefined,Gedung Perkantoran,-6.2232348,106.808576
undefined,Gedung Perkantoran,-6.2175647,106.81292
undefined,Gedung Perkantoran,-6.2271448,106.800941
undefined,Hotel,-6.2246544,106.8038686
undefined,Gedung Perkantoran,-6.2234506,106.8082597
undefined,Gedung Perkantoran,-6.2244775,106.8253861
undefined,Gedung Perkantoran,-6.2238057,106.8227334
undefined,Gedung Perkantoran,-6.2237805,106.8229389
undefined,Gedung Perkantoran,-6.2236481,106.822505
undefined,Gedung Perkantoran,-6.2236027,106.8229351
undefined,Gedung Perkantoran,-6.2235952,106.8227248
undefined,Gedung Perkantoran,-6.2245793,106.8169412
undefined,Gedung Perkantoran,-6.224529,106.8168904
undefined,Gedung Perkantoran,-6.2245032,106.8171589
undefined,Hotel,-6.2211973,106.8216463
undefined,Hotel,-6.2194979,106.8202089
undefined,Gedung Perkantoran,-6.2169564,106.8183224
undefined,Gedung Perkantoran,-6.2168505,106.8180633
undefined,Gedung Perkantoran,-6.2168187,106.8183585
undefined,Gedung Perkantoran,-6.2167692,106.818254
undefined,Gedung Perkantoran,-6.2144057,106.8175266
undefined,Gedung Perkantoran,-6.2172693,106.8128459
undefined,Gedung Perkantoran,-6.2109419,106.8156784
undefined,Gedung Perkantoran,-6.2365929,106.7547618
undefined,Hotel,-6.2454783,106.7989138
undefined,Gedung Perkantoran,-6.2325051,106.8017562
undefined,Gedung Perkantoran,-6.2425715,106.7959778
undefined,Gedung Perkantoran,-6.2381124,106.7836923
undefined,Gedung Perkantoran,-6.2230767,106.7939669
undefined,Gedung Perkantoran,-6.1987146,106.763855
undefined,Gedung Perkantoran,-6.1982742,106.7674678
undefined,Gedung Perkantoran,-6.1972412,106.7508097
undefined,Gedung Perkantoran,-6.2013472,106.8073505
undefined,Gedung Perkantoran,-6.1930813,106.7977706
undefined,Hotel,-6.1906694,106.8067185
undefined,Gedung Perkantoran,-6.1893225,106.8065222
undefined,Gedung Perkantoran,-6.1883648,106.7732824
undefined,Gedung Perkantoran,-6.185182,106.768735
undefined,Gedung Perkantoran,-6.188962,106.7998165
undefined,Gedung Perkantoran,-6.178304,106.7987972
undefined,Gedung Perkantoran,-6.1781437,106.7979475
undefined,Gedung Perkantoran,-6.1778803,106.7983944
undefined,Gedung Perkantoran,-6.1777476,106.7986005
undefined,Gedung Perkantoran,-6.1775844,106.7987865
undefined,Gedung Perkantoran,-6.1769095,106.8008235
undefined,Gedung Perkantoran,-6.1867806,106.7964727
undefined,Gedung Perkantoran,-6.1866019,106.7963979
undefined,Gedung Perkantoran,-6.1851165,106.7821764
undefined,Gedung Perkantoran,-6.1780477,106.7848675
undefined,Gedung Perkantoran,-6.1779294,106.7957935
undefined,Gedung Perkantoran,-6.1726024,106.7902058
undefined,Hotel,-6.172295,106.7901088
undefined,Gedung Perkantoran,-6.2128094,106.8204248
undefined,Hotel,-6.2121616,106.8173695
undefined,Gedung Perkantoran,-6.2106864,106.8184965
undefined,Gedung Perkantoran,-6.2106594,106.8186155
undefined,Gedung Perkantoran,-6.2071018,106.8213448
undefined,Gedung Perkantoran,-6.2067835,106.8215519
undefined,Gedung Perkantoran,-6.2060676,106.8216552
undefined,Gedung Perkantoran,-6.2059776,106.8216708
undefined,Gedung Perkantoran,-6.2058505,106.8216956
undefined,Gedung Perkantoran,-6.2067775,106.8004224
undefined,Gedung Perkantoran,-6.2058032,106.8029067
undefined,Hotel,-6.2042613,106.8051904
undefined,Hotel,-6.2034367,106.8060557
undefined,Gedung Perkantoran,-6.2026928,106.8011765
undefined,Gedung Perkantoran,-6.2015217,106.8070606
undefined,Gedung Perkantoran,-6.2060792,106.8158817
undefined,Hotel,-6.1944934,106.8140962
undefined,Gedung Perkantoran,-6.1941094,106.8139271
undefined,Hotel,-6.1934933,106.8141793
undefined,Hotel,-6.1917964,106.8145315
undefined,Gedung Perkantoran,-6.198523,106.8226836
undefined,Gedung Perkantoran,-6.1984394,106.8226548
undefined,Gedung Perkantoran,-6.1983497,106.8226411
undefined,Gedung Perkantoran,-6.1982484,106.8226443
undefined,Gedung Perkantoran,-6.1981504,106.82265
undefined,Gedung Perkantoran,-6.1966604,106.8224492
undefined,Hotel,-6.195729,106.8224515
undefined,Gedung Perkantoran,-6.2058315,106.8215629
undefined,Hotel,-6.2004327,106.8206848
undefined,Gedung Perkantoran,-6.1940057,106.8236546
undefined,Hotel,-6.1890396,106.8089658
undefined,Hotel,-6.1889873,106.8094595
undefined,Hotel,-6.1884023,106.8088194
undefined,Hotel,-6.1872932,106.8168157
undefined,Hotel,-6.1832257,106.8120116
undefined,Hotel,-6.1831505,106.8129454
undefined,Hotel,-6.1825219,106.8168547
undefined,Hotel,-6.1824881,106.8159851
undefined,Gedung Perkantoran,-6.182479,106.8131419
undefined,Gedung Perkantoran,-6.1873439,106.8199092
undefined,Hotel,-6.1869821,106.8170972
undefined,Hotel,-6.1868772,106.8180528
undefined,Hotel,-6.1868135,106.8200516
undefined,Gedung Perkantoran,-6.186694,106.820554
undefined,Gedung Perkantoran,-6.1833132,106.8196108
undefined,Gedung Perkantoran,-6.1817263,106.8159505
undefined,Hotel,-6.1816953,106.8153808
undefined,Gedung Perkantoran,-6.1816622,106.8122222
undefined,Gedung Perkantoran,-6.1814337,106.8122767
undefined,Gedung Perkantoran,-6.177114,106.8159664
undefined,Gedung Perkantoran,-6.1735391,106.8152906
undefined,Gedung Perkantoran,-6.1775093,106.817857
undefined,Gedung Perkantoran,-6.1767065,106.8172055
undefined,Gedung Perkantoran,-6.17654,106.8196936
undefined,Gedung Perkantoran,-6.1755058,106.8194294
undefined,Gedung Perkantoran,-6.1726157,106.818203
undefined,Hotel,-6.1688521,106.8206064
undefined,Hotel,-6.1735035,106.811847
undefined,Gedung Perkantoran,-6.1731566,106.8096991
undefined,Gedung Perkantoran,-6.1728812,106.8092718
undefined,Gedung Perkantoran,-6.1725867,106.8156692
undefined,Gedung Perkantoran,-6.1703737,106.8162614
undefined,Hotel,-6.1688421,106.8152823
undefined,Gedung Perkantoran,-6.1679649,106.8085364
undefined,Gedung Perkantoran,-6.1676386,106.811036
undefined,Hotel,-6.1673193,106.8084624
undefined,Gedung Perkantoran,-6.1664945,106.8103448
undefined,Hotel,-6.1648051,106.8101772
undefined,Hotel,-6.1604307,106.8120001
undefined,Gedung Perkantoran,-6.1492075,106.8152138
undefined,Hotel,-6.1648152,106.8205308
undefined,Hotel,-6.1602206,106.8179255
undefined,Hotel,-6.1494327,106.8172602
undefined,Gedung Perkantoran,-6.162713,106.8259282
undefined,Gedung Perkantoran,-6.1350912,106.8221854
undefined,Gedung Perkantoran,-6.1479288,106.8159836
undefined,Hotel,-6.1455003,106.8165723
undefined,Hotel,-6.1414572,106.8136396
undefined,Hotel,-6.1408072,106.8134899
undefined,Gedung Perkantoran,-6.1384374,106.8165795
undefined,Gedung Perkantoran,-6.1318746,106.8164169
undefined,Gedung Perkantoran,-6.1318425,106.8163566
undefined,Gedung Perkantoran,-6.1317869,106.8163136
undefined,Gedung Perkantoran,-6.1317462,106.8162619
undefined,Gedung Perkantoran,-6.12998,106.815264
undefined,Gedung Perkantoran,-6.1133677,106.8029543
undefined,Gedung Perkantoran,-6.1112182,106.8029268
undefined,Gedung Perkantoran,-6.1099223,106.8030872
undefined,Gedung Perkantoran,-6.1079971,106.8026556
undefined,Gedung Perkantoran,-6.1040896,106.8000936
undefined,Gedung Perkantoran,-6.1036494,106.8008142
undefined,Gedung Perkantoran,-6.1023686,106.801676
undefined,Gedung Perkantoran,-6.1020325,106.8014756
undefined,Hotel,-6.1670065,106.7952928
undefined,Gedung Perkantoran,-6.165897,106.7932918
undefined,Hotel,-6.1657308,106.7963528
undefined,Hotel,-6.1656883,106.7965637
undefined,Gedung Perkantoran,-6.1794552,106.7114264
undefined,Gedung Perkantoran,-6.1544635,106.7306148
undefined,Gedung Perkantoran,-6.1526425,106.7386056
undefined,Gedung Perkantoran,-6.1525866,106.7386096
undefined,Gedung Perkantoran,-6.1590891,106.790951
undefined,Gedung Perkantoran,-6.1522299,106.7902932
undefined,Gedung Perkantoran,-6.1763735,106.7974425
undefined,Gedung Perkantoran,-6.1679192,106.8080473
undefined,Gedung Perkantoran,-6.1489309,106.8076894
undefined,Gedung Perkantoran,-6.1456137,106.7318094
undefined,Gedung Perkantoran,-6.1434073,106.7912881
undefined,Gedung Perkantoran,-6.1394752,106.7936381
undefined,Hotel,-6.1345851,106.7935543
undefined,Hotel,-6.1317587,106.7930344
undefined,Gedung Perkantoran,-6.1260802,106.7939433
undefined,Gedung Perkantoran,-6.1218911,106.7891733
undefined,Gedung Perkantoran,-6.1119268,106.7939045
undefined,Gedung Perkantoran,-6.1071667,106.7384383
undefined,Gedung Perkantoran,-6.1009795,106.8002796
undefined,Gedung Perkantoran,-6.1004467,106.8017345
undefined,Gedung Perkantoran,-6.1000719,106.8015985
undefined,Gedung Perkantoran,-6.099335,106.799553
