nama,kategori,latitude,longitude,geometry
Kartika One by Prasanthi,Hotel,-6.344386,106.8338057,POINT (106.8338057 -6.344386)
PT. Antam Resourcindo,Gedung Perkantoran,-6.3023973,106.8341027,POINT (106.8341027 -6.3023973)
PHE Tower,Gedung Perkantoran,-6.2999151,106.8329412,POINT (106.8329412 -6.2999151)
EXPROOFSTORE.ID,Gedung Perkantoran,-6.2993798,106.8319462,POINT (106.8319462 -6.2993798)
undefined,Gedung Perkantoran,-6.285443,106.8336224,POINT (106.8336224 -6.285443)
Kedutaan besar Somalia,Gedung Perkantoran,-6.2419803,106.8364013,POINT (106.8364013 -6.2419803)
Smesco Indonesia,Gedung Perkantoran,-6.2417867,106.8362374,POINT (106.8362374 -6.2417867)
Mercure Jakarta Gator Subroto,Hotel,-6.2396116,106.8307322,POINT (106.8307322 -6.2396116)
Graha Simatupang,Gedung Perkantoran,-6.29664,106.8290098,POINT (106.8290098 -6.29664)
DataComm,Gedung Perkantoran,-6.2404089,106.8302944,POINT (106.8302944 -6.2404089)
undefined,Gedung Perkantoran,-6.2403358,106.8270033,POINT (106.8270033 -6.2403358)
undefined,Hotel,-6.2351349,106.8302629,POINT (106.8302629 -6.2351349)
Puri Denpasar Hotel Jakarta Puri Denpasar Hotel,Hotel,-6.2349946,106.8267723,POINT (106.8267723 -6.2349946)
ARTOTEL Casa Kuningan,Hotel,-6.234675,106.8269002,POINT (106.8269002 -6.234675)
undefined,Gedung Perkantoran,-6.2325534,106.8295096,POINT (106.8295096 -6.2325534)
undefined,Gedung Perkantoran,-6.2324703,106.8290791,POINT (106.8290791 -6.2324703)
undefined,Gedung Perkantoran,-6.2324683,106.8294063,POINT (106.8294063 -6.2324683)
Sekretariat RW 07 Ragunan,Gedung Perkantoran,-6.3043274,106.8230168,POINT (106.8230168 -6.3043274)
childFund Indonesia,Gedung Perkantoran,-6.291521,106.8231579,POINT (106.8231579 -6.291521)
undefined,Gedung Perkantoran,-6.2686858,106.8238267,POINT (106.8238267 -6.2686858)
undefined,Gedung Perkantoran,-6.2686842,106.8237264,POINT (106.8237264 -6.2686842)
Virtue Post,Gedung Perkantoran,-6.2626728,106.8250101,POINT (106.8250101 -6.2626728)
JNE Mampang,Gedung Perkantoran,-6.2477886,106.8261428,POINT (106.8261428 -6.2477886)
Bluebird Ofiice Park,Gedung Perkantoran,-6.2461433,106.8257315,POINT (106.8257315 -6.2461433)
vads office,Gedung Perkantoran,-6.2413901,106.8252629,POINT (106.8252629 -6.2413901)
Kedutaan besar Venezuela,Gedung Perkantoran,-6.2349535,106.8233733,POINT (106.8233733 -6.2349535)
Telkomsel,Gedung Perkantoran,-6.2345131,106.8227794,POINT (106.8227794 -6.2345131)
Kantor Konsuler Kedutaan Besar Korea Selatan,Gedung Perkantoran,-6.2392918,106.8333997,POINT (106.8333997 -6.2392918)
undefined,Gedung Perkantoran,-6.2391811,106.8320521,POINT (106.8320521 -6.2391811)
Graha Irama,Gedung Perkantoran,-6.2335398,106.8316466,POINT (106.8316466 -6.2335398)
undefined,Gedung Perkantoran,-6.2328643,106.8311873,POINT (106.8311873 -6.2328643)
undefined,Gedung Perkantoran,-6.2327315,106.8313101,POINT (106.8313101 -6.2327315)
undefined,Gedung Perkantoran,-6.2283507,106.8326829,POINT (106.8326829 -6.2283507)
Menara Palma,Gedung Perkantoran,-6.2269513,106.8334274,POINT (106.8334274 -6.2269513)
undefined,Gedung Perkantoran,-6.226133,106.831556,POINT (106.831556 -6.226133)
Kedutaan Besar Uni Emirat Arab,Gedung Perkantoran,-6.2259324,106.8308548,POINT (106.8308548 -6.2259324)
undefined,Hotel,-6.2251292,106.8311718,POINT (106.8311718 -6.2251292)
Otoritas Jasa Keuangan,Gedung Perkantoran,-6.2344913,106.8224466,POINT (106.8224466 -6.2344913)
SOS Medika,Gedung Perkantoran,-6.2303497,106.8259347,POINT (106.8259347 -6.2303497)
ZTE,Gedung Perkantoran,-6.2302463,106.8263021,POINT (106.8263021 -6.2302463)
Honeywell,Gedung Perkantoran,-6.2302376,106.8262448,POINT (106.8262448 -6.2302376)
Bahar,Gedung Perkantoran,-6.2302366,106.8261942,POINT (106.8261942 -6.2302366)
undefined,Gedung Perkantoran,-6.2292068,106.8250232,POINT (106.8250232 -6.2292068)
Kedutaan Besar Mexico,Gedung Perkantoran,-6.2291995,106.8251574,POINT (106.8251574 -6.2291995)
undefined,Gedung Perkantoran,-6.2279226,106.8251758,POINT (106.8251758 -6.2279226)
undefined,Gedung Perkantoran,-6.2278223,106.8252346,POINT (106.8252346 -6.2278223)
undefined,Gedung Perkantoran,-6.227806,106.8250785,POINT (106.8250785 -6.227806)
undefined,Gedung Perkantoran,-6.2322277,106.8301122,POINT (106.8301122 -6.2322277)
undefined,Gedung Perkantoran,-6.2321752,106.8303071,POINT (106.8303071 -6.2321752)
undefined,Gedung Perkantoran,-6.2312881,106.8279894,POINT (106.8279894 -6.2312881)
China Southern Airlines,Gedung Perkantoran,-6.2302625,106.8263548,POINT (106.8263548 -6.2302625)
GP Mega Kuningan Hotel,Hotel,-6.2284262,106.8282544,POINT (106.8282544 -6.2284262)
Kedutaan Besar Swedia,Gedung Perkantoran,-6.227451,106.826329,POINT (106.826329 -6.227451)
Kedutaan Besar Finlandia,Gedung Perkantoran,-6.2274423,106.8265491,POINT (106.8265491 -6.2274423)
Kedutaan Besar Peru,Gedung Perkantoran,-6.2273317,106.8265529,POINT (106.8265529 -6.2273317)
Kedutaan Besar Denmark,Gedung Perkantoran,-6.227286,106.8263107,POINT (106.8263107 -6.227286)
Kedutaan Besar Norwegia,Gedung Perkantoran,-6.2272384,106.8265321,POINT (106.8265321 -6.2272384)
undefined,Gedung Perkantoran,-6.2269894,106.8263981,POINT (106.8263981 -6.2269894)
undefined,Gedung Perkantoran,-6.2269738,106.8265226,POINT (106.8265226 -6.2269738)
undefined,Gedung Perkantoran,-6.2269348,106.8263702,POINT (106.8263702 -6.2269348)
undefined,Gedung Perkantoran,-6.2269133,106.8265248,POINT (106.8265248 -6.2269133)
undefined,Gedung Perkantoran,-6.2257824,106.8302383,POINT (106.8302383 -6.2257824)
Amaris Hotel Dr. Satrio Kuningan,Hotel,-6.225574,106.8296474,POINT (106.8296474 -6.225574)
undefined,Hotel,-6.225529,106.8296498,POINT (106.8296498 -6.225529)
undefined,Gedung Perkantoran,-6.2253914,106.8282971,POINT (106.8282971 -6.2253914)
undefined,Gedung Perkantoran,-6.2253785,106.8282328,POINT (106.8282328 -6.2253785)
undefined,Gedung Perkantoran,-6.2253484,106.8281488,POINT (106.8281488 -6.2253484)
Kedutaan besar Uruguay,Gedung Perkantoran,-6.2275564,106.8256181,POINT (106.8256181 -6.2275564)
GoWork,Gedung Perkantoran,-6.2269428,106.826253,POINT (106.826253 -6.2269428)
TBI - The British Institute - Kuningan,Gedung Perkantoran,-6.2264054,106.8253388,POINT (106.8253388 -6.2264054)
PT Tani Hub Indonesia (TaniHub HQ),Gedung Perkantoran,-6.2263762,106.8255337,POINT (106.8255337 -6.2263762)
Ruupa ID,Gedung Perkantoran,-6.2263522,106.8256027,POINT (106.8256027 -6.2263522)
Learning Resources. PT,Gedung Perkantoran,-6.2263402,106.8253957,POINT (106.8253957 -6.2263402)
Tian Tian Rice Yogurt,Gedung Perkantoran,-6.2263265,106.8255096,POINT (106.8255096 -6.2263265)
Finmas - Fintech P2P Lending,Gedung Perkantoran,-6.2263197,106.8255682,POINT (106.8255682 -6.2263197)
undefined,Gedung Perkantoran,-6.2262851,106.8256245,POINT (106.8256245 -6.2262851)
Sulaiman & Herling Attorneys at Law,Gedung Perkantoran,-6.2245484,106.8254133,POINT (106.8254133 -6.2245484)
World Health Organization (WHO) office,Gedung Perkantoran,-6.2241212,106.8337993,POINT (106.8337993 -6.2241212)
Kedutaan besar India,Gedung Perkantoran,-6.2240867,106.833572,POINT (106.833572 -6.2240867)
The Westin Jakarta,Hotel,-6.2238997,106.8336859,POINT (106.8336859 -6.2238997)
undefined,Gedung Perkantoran,-6.2231333,106.8337811,POINT (106.8337811 -6.2231333)
Impact Hub,Gedung Perkantoran,-6.2197117,106.8320413,POINT (106.8320413 -6.2197117)
undefined,Hotel,-6.2195593,106.8321188,POINT (106.8321188 -6.2195593)
Aston Rasuna,Hotel,-6.2192714,106.8365341,POINT (106.8365341 -6.2192714)
undefined,Gedung Perkantoran,-6.2192047,106.834572,POINT (106.834572 -6.2192047)
MMI Indonesia,Gedung Perkantoran,-6.2183395,106.8354871,POINT (106.8354871 -6.2183395)
Kedutaan Besar Yunani,Gedung Perkantoran,-6.2179909,106.8303565,POINT (106.8303565 -6.2179909)
undefined,Gedung Perkantoran,-6.2253129,106.8280442,POINT (106.8280442 -6.2253129)
undefined,Gedung Perkantoran,-6.2252816,106.8283468,POINT (106.8283468 -6.2252816)
Indosat Ooredoo,Gedung Perkantoran,-6.2242235,106.8274664,POINT (106.8274664 -6.2242235)
undefined,Gedung Perkantoran,-6.2240337,106.8267096,POINT (106.8267096 -6.2240337)
undefined,Gedung Perkantoran,-6.2239345,106.8264492,POINT (106.8264492 -6.2239345)
undefined,Gedung Perkantoran,-6.2238253,106.826619,POINT (106.826619 -6.2238253)
Topaz Hotel & Residence,Hotel,-6.2168561,106.826581,POINT (106.826581 -6.2168561)
Fraser Place,Hotel,-6.215373,106.8293768,POINT (106.8293768 -6.215373)
undefined,Hotel,-6.214789,106.8281047,POINT (106.8281047 -6.214789)
PT VADS Indonesia,Gedung Perkantoran,-6.2135901,106.8293432,POINT (106.8293432 -6.2135901)
PT Adhi Commuter Properti,Gedung Perkantoran,-6.3244076,106.8842381,POINT (106.8842381 -6.3244076)
Dimensi Logistic,Gedung Perkantoran,-6.3114726,106.9080666,POINT (106.9080666 -6.3114726)
undefined,Gedung Perkantoran,-6.3104306,106.9000868,POINT (106.9000868 -6.3104306)
PT. Interteknis Suryaterang Operations Office,Gedung Perkantoran,-6.3086163,106.8395989,POINT (106.8395989 -6.3086163)
undefined,Gedung Perkantoran,-6.2951991,106.8418969,POINT (106.8418969 -6.2951991)
undefined,Hotel,-6.2864649,106.8436197,POINT (106.8436197 -6.2864649)
Pos Pantau Polsek Pasar Minggu,Gedung Perkantoran,-6.285183,106.8441868,POINT (106.8441868 -6.285183)
undefined,Gedung Perkantoran,-6.2774719,106.8452672,POINT (106.8452672 -6.2774719)
undefined,Gedung Perkantoran,-6.275898,106.843761,POINT (106.843761 -6.275898)
undefined,Gedung Perkantoran,-6.2663379,106.8438359,POINT (106.8438359 -6.2663379)
undefined,Gedung Perkantoran,-6.2658545,106.8439272,POINT (106.8439272 -6.2658545)
undefined,Gedung Perkantoran,-6.2643743,106.8441953,POINT (106.8441953 -6.2643743)
Pos RT 012/RW 010,Gedung Perkantoran,-6.3169783,106.8773607,POINT (106.8773607 -6.3169783)
Samsat Keliling DKI Jakarta,Gedung Perkantoran,-6.2954192,106.8714143,POINT (106.8714143 -6.2954192)
K.A. Ridhuan,Gedung Perkantoran,-6.289806,106.8703377,POINT (106.8703377 -6.289806)
undefined,Gedung Perkantoran,-6.2849108,106.8716813,POINT (106.8716813 -6.2849108)
Kantor RW 05 Bulak Rantai,Gedung Perkantoran,-6.2839268,106.8684882,POINT (106.8684882 -6.2839268)
undefined,Hotel,-6.2691359,106.8466054,POINT (106.8466054 -6.2691359)
EST Jakarta,Gedung Perkantoran,-6.2654565,106.8775776,POINT (106.8775776 -6.2654565)
Oakwood Hotel & Apartments,Hotel,-6.3031211,106.8863422,POINT (106.8863422 -6.3031211)
Asosiasi Museum Indonesia,Gedung Perkantoran,-6.2993579,106.9006225,POINT (106.9006225 -6.2993579)
OmiqloBadut,Gedung Perkantoran,-6.293008,106.9008539,POINT (106.9008539 -6.293008)
Graha Intirub,Gedung Perkantoran,-6.2652246,106.8767821,POINT (106.8767821 -6.2652246)
Fave Hotel PGC Cililitan,Hotel,-6.2623759,106.864919,POINT (106.864919 -6.2623759)
Bluebird Pool Sutoyo,Gedung Perkantoran,-6.2489648,106.8782631,POINT (106.8782631 -6.2489648)
undefined,Gedung Perkantoran,-6.2487383,106.8605113,POINT (106.8605113 -6.2487383)
Best Western Premier,Hotel,-6.2445572,106.8755794,POINT (106.8755794 -6.2445572)
undefined,Gedung Perkantoran,-6.2436803,106.8536048,POINT (106.8536048 -6.2436803)
MT Haryono Residence Apartment (Main Entrance),Apartemen,-6.2435667,106.8685556,POINT (106.8685556 -6.2435667)
Graha Adira,Gedung Perkantoran,-6.2434508,106.8537662,POINT (106.8537662 -6.2434508)
ADRA Indonesia,Gedung Perkantoran,-6.2425908,106.8459745,POINT (106.8459745 -6.2425908)
Rumah Susun Bidara Cina,Apartemen,-6.2412822,106.8682859,POINT (106.8682859 -6.2412822)
undefined,Gedung Perkantoran,-6.2574537,106.8427613,POINT (106.8427613 -6.2574537)
PT. Sucofindo (Persero) - Head Office,Gedung Perkantoran,-6.2519626,106.8423324,POINT (106.8423324 -6.2519626)
undefined,Gedung Perkantoran,-6.248078,106.8424123,POINT (106.8424123 -6.248078)
Amaris Hotel Pancoran,Hotel,-6.2474683,106.8432049,POINT (106.8432049 -6.2474683)
Cipta Hotel Pancoran,Hotel,-6.247309,106.8431966,POINT (106.8431966 -6.247309)
Graha Mustika Ratu,Gedung Perkantoran,-6.2421315,106.8421976,POINT (106.8421976 -6.2421315)
PT. Asuransi Takaful Umum,Gedung Perkantoran,-6.2421179,106.8417849,POINT (106.8417849 -6.2421179)
undefined,Hotel,-6.2419446,106.8447622,POINT (106.8447622 -6.2419446)
V Hotel,Hotel,-6.241888,106.8446608,POINT (106.8446608 -6.241888)
Menara Bidakara,Gedung Perkantoran,-6.241494,106.8413715,POINT (106.8413715 -6.241494)
undefined,Gedung Perkantoran,-6.2414224,106.8442356,POINT (106.8442356 -6.2414224)
Pluto Publishing,Gedung Perkantoran,-6.2384758,106.8456984,POINT (106.8456984 -6.2384758)
undefined,Gedung Perkantoran,-6.2376723,106.8453164,POINT (106.8453164 -6.2376723)
Sofyan Inn Tebet,Hotel,-6.2368755,106.8444296,POINT (106.8444296 -6.2368755)
undefined,Hotel,-6.2368356,106.8446662,POINT (106.8446662 -6.2368356)
undefined,Hotel,-6.2348018,106.8446135,POINT (106.8446135 -6.2348018)
undefined,Hotel,-6.2339067,106.8436052,POINT (106.8436052 -6.2339067)
Pop! Hotel Tebet - Jakarta,Hotel,-6.232973,106.8447543,POINT (106.8447543 -6.232973)
undefined,Gedung Perkantoran,-6.2324781,106.8436553,POINT (106.8436553 -6.2324781)
undefined,Gedung Perkantoran,-6.2322141,106.843764,POINT (106.843764 -6.2322141)
undefined,Gedung Perkantoran,-6.2398508,106.8584887,POINT (106.8584887 -6.2398508)
The Nyaman Jakarta,Hotel,-6.2370184,106.8497366,POINT (106.8497366 -6.2370184)
Tenet,Gedung Perkantoran,-6.2354792,106.857109,POINT (106.857109 -6.2354792)
Nobel Edu Indonesia,Gedung Perkantoran,-6.2354535,106.8571058,POINT (106.8571058 -6.2354535)
undefined,Gedung Perkantoran,-6.2308176,106.8470085,POINT (106.8470085 -6.2308176)
Soepomo Office Park,Gedung Perkantoran,-6.2306111,106.8469116,POINT (106.8469116 -6.2306111)
undefined,Gedung Perkantoran,-6.2304812,106.8463375,POINT (106.8463375 -6.2304812)
undefined,Gedung Perkantoran,-6.2300219,106.8466691,POINT (106.8466691 -6.2300219)
undefined,Gedung Perkantoran,-6.2297418,106.8475663,POINT (106.8475663 -6.2297418)
Ganesha Operation Tebet,Gedung Perkantoran,-6.229091,106.853617,POINT (106.853617 -6.229091)
WebHozz Kalimalang,Gedung Perkantoran,-6.2474151,106.9247185,POINT (106.9247185 -6.2474151)
PT Warungjasa Teknologi,Gedung Perkantoran,-6.2453147,106.9082332,POINT (106.9082332 -6.2453147)
Apartemen Casablanca East Residences,Apartemen,-6.2249848,106.8989325,POINT (106.8989325 -6.2249848)
undefined,Gedung Perkantoran,-6.2039658,106.9137467,POINT (106.9137467 -6.2039658)
undefined,Gedung Perkantoran,-6.2039058,106.9136541,POINT (106.9136541 -6.2039058)
undefined,Gedung Perkantoran,-6.2038931,106.9136416,POINT (106.9136416 -6.2038931)
East Park Apartment,Apartemen,-6.203661,106.9255627,POINT (106.9255627 -6.203661)
Takaful Umum,Gedung Perkantoran,-6.2288877,106.8466591,POINT (106.8466591 -6.2288877)
Konsorsium Reformasi Hukum Nasional,Gedung Perkantoran,-6.2266338,106.8562479,POINT (106.8562479 -6.2266338)
Plaza Timur Stasiun Tebet,Gedung Perkantoran,-6.2256525,106.8585645,POINT (106.8585645 -6.2256525)
Plaza Barat Stasiun Tebet,Gedung Perkantoran,-6.2256481,106.8581709,POINT (106.8581709 -6.2256481)
Cervino Apartment,Apartemen,-6.2248913,106.8514297,POINT (106.8514297 -6.2248913)
PT Architectz Persada Asri,Gedung Perkantoran,-6.2176028,106.867393,POINT (106.867393 -6.2176028)
undefined,Gedung Perkantoran,-6.2161388,106.8545214,POINT (106.8545214 -6.2161388)
undefined,Gedung Perkantoran,-6.2142691,106.8670922,POINT (106.8670922 -6.2142691)
undefined,Gedung Perkantoran,-6.2129754,106.8462405,POINT (106.8462405 -6.2129754)
Infinia Park,Gedung Perkantoran,-6.2127738,106.8460984,POINT (106.8460984 -6.2127738)
Green Bamboo Residence,Hotel,-6.2185042,106.8259285,POINT (106.8259285 -6.2185042)
Kantor Lurah Karet Jakarta Selatan,Gedung Perkantoran,-6.2160024,106.8225363,POINT (106.8225363 -6.2160024)
Jne Setiabudi,Gedung Perkantoran,-6.2108688,106.825068,POINT (106.825068 -6.2108688)
"The Mayflower, Jakarta - Marriott Executive Apartments",Hotel,-6.2084117,106.8225199,POINT (106.8225199 -6.2084117)
W Home Reserva | Setiabudi,Hotel,-6.2069676,106.8245617,POINT (106.8245617 -6.2069676)
Paxel courier service | Setiabudi,Gedung Perkantoran,-6.206639,106.8247129,POINT (106.8247129 -6.206639)
Wikimedia Indonesia,Gedung Perkantoran,-6.2017238,106.8245488,POINT (106.8245488 -6.2017238)
Reddoorz Plus Thamrin,Hotel,-6.2008995,106.8235909,POINT (106.8235909 -6.2008995)
undefined,Gedung Perkantoran,-6.2001704,106.8235697,POINT (106.8235697 -6.2001704)
The City Tower,Gedung Perkantoran,-6.1992284,106.823232,POINT (106.823232 -6.1992284)
The Grove Suites by GRAND ASTON;The Grove Suites,Hotel,-6.2173821,106.8343518,POINT (106.8343518 -6.2173821)
undefined,Gedung Perkantoran,-6.2165267,106.8353031,POINT (106.8353031 -6.2165267)
Gedung Wira Usaha,Gedung Perkantoran,-6.2139351,106.8308219,POINT (106.8308219 -6.2139351)
Lembaga Independensi Peradilan,Gedung Perkantoran,-6.2105979,106.8314525,POINT (106.8314525 -6.2105979)
Kedutaan besar Bosnia dan Herzegovina,Gedung Perkantoran,-6.210309,106.8314546,POINT (106.8314546 -6.210309)
Pusat Studi Hukum dan Kebijakan Indonesia,Gedung Perkantoran,-6.2102182,106.8311781,POINT (106.8311781 -6.2102182)
iziRoam,Gedung Perkantoran,-6.20556,106.8340533,POINT (106.8340533 -6.20556)
undefined,Hotel,-6.2054958,106.8343267,POINT (106.8343267 -6.2054958)
PT Solusi Untuk Semua,Gedung Perkantoran,-6.2054955,106.8340495,POINT (106.8340495 -6.2054955)
undefined,Gedung Perkantoran,-6.1955015,106.8365678,POINT (106.8365678 -6.1955015)
undefined,Gedung Perkantoran,-6.2128754,106.8297164,POINT (106.8297164 -6.2128754)
Menara Bappenas,Gedung Perkantoran,-6.2123885,106.8301043,POINT (106.8301043 -6.2123885)
Direktorat Jenderal Penyelenggaraan Pos dan Informatika,Gedung Perkantoran,-6.2114167,106.829951,POINT (106.829951 -6.2114167)
Direktorat Jenderal Minyak dan Gas Bumi,Gedung Perkantoran,-6.2109995,106.8298789,POINT (106.8298789 -6.2109995)
undefined,Gedung Perkantoran,-6.2106848,106.8299176,POINT (106.8299176 -6.2106848)
Ipsos Indonesia,Gedung Perkantoran,-6.210558,106.8299269,POINT (106.8299269 -6.210558)
Istituto Italiano di Cultura,Gedung Perkantoran,-6.2020776,106.8283065,POINT (106.8283065 -6.2020776)
Kadin Indonesia,Gedung Perkantoran,-6.201701,106.8277898,POINT (106.8277898 -6.201701)
BTN Housing Finance,Gedung Perkantoran,-6.1987117,106.8286384,POINT (106.8286384 -6.1987117)
Bumi Putera,Gedung Perkantoran,-6.1975266,106.828818,POINT (106.828818 -6.1975266)
undefined,Gedung Perkantoran,-6.2016514,106.8416613,POINT (106.8416613 -6.2016514)
undefined,Gedung Perkantoran,-6.2015176,106.8420756,POINT (106.8420756 -6.2015176)
undefined,Gedung Perkantoran,-6.2013837,106.8424315,POINT (106.8424315 -6.2013837)
undefined,Gedung Perkantoran,-6.2009875,106.8416899,POINT (106.8416899 -6.2009875)
undefined,Gedung Perkantoran,-6.2006605,106.8430352,POINT (106.8430352 -6.2006605)
undefined,Gedung Perkantoran,-6.200569,106.8382129,POINT (106.8382129 -6.200569)
undefined,Gedung Perkantoran,-6.1987717,106.8374597,POINT (106.8374597 -6.1987717)
The Hermitage,Hotel,-6.1982609,106.8380931,POINT (106.8380931 -6.1982609)
undefined,Gedung Perkantoran,-6.1976038,106.8395835,POINT (106.8395835 -6.1976038)
undefined,Gedung Perkantoran,-6.1964579,106.8399432,POINT (106.8399432 -6.1964579)
Konsil Kedokteran Indonesia,Gedung Perkantoran,-6.1944702,106.8362251,POINT (106.8362251 -6.1944702)
undefined,Gedung Perkantoran,-6.1933251,106.8365897,POINT (106.8365897 -6.1933251)
undefined,Gedung Perkantoran,-6.1925593,106.835781,POINT (106.835781 -6.1925593)
Wisma PGI,Hotel,-6.1921322,106.8331329,POINT (106.8331329 -6.1921322)
undefined,Hotel,-6.1918952,106.8358373,POINT (106.8358373 -6.1918952)
undefined,Hotel,-6.1903043,106.8358867,POINT (106.8358867 -6.1903043)
undefined,Gedung Perkantoran,-6.1893451,106.8363044,POINT (106.8363044 -6.1893451)
undefined,Gedung Perkantoran,-6.189155,106.8358063,POINT (106.8358063 -6.189155)
undefined,Gedung Perkantoran,-6.1887768,106.832491,POINT (106.832491 -6.1887768)
Euro Management Indonesia,Gedung Perkantoran,-6.1883193,106.8360491,POINT (106.8360491 -6.1883193)
undefined,Gedung Perkantoran,-6.1913456,106.8296705,POINT (106.8296705 -6.1913456)
undefined,Gedung Perkantoran,-6.191196,106.829977,POINT (106.829977 -6.191196)
undefined,Hotel,-6.1897753,106.8277106,POINT (106.8277106 -6.1897753)
undefined,Hotel,-6.1875613,106.8277658,POINT (106.8277658 -6.1875613)
undefined,Hotel,-6.187491,106.8273332,POINT (106.8273332 -6.187491)
Tamarin Hotel Jakarta manage by Vib Hospitality Management,Hotel,-6.1874654,106.8268024,POINT (106.8268024 -6.1874654)
undefined,Hotel,-6.1874526,106.8292115,POINT (106.8292115 -6.1874526)
undefined,Hotel,-6.1874489,106.8286599,POINT (106.8286599 -6.1874489)
Hotel Stanley,Hotel,-6.1873858,106.827737,POINT (106.827737 -6.1873858)
Aone Hotel,Hotel,-6.1869521,106.8279353,POINT (106.8279353 -6.1869521)
Sinarmas Land Plaza,Gedung Perkantoran,-6.189682,106.8232624,POINT (106.8232624 -6.189682)
"Four Points by Sheraton Jakarta, Thamrin",Hotel,-6.1881464,106.8226494,POINT (106.8226494 -6.1881464)
GraPARI Sarinah - Telkomsel,Gedung Perkantoran,-6.1879441,106.8235881,POINT (106.8235881 -6.1879441)
undefined,Hotel,-6.1875433,106.8262499,POINT (106.8262499 -6.1875433)
Perbendaharaan Kementrian Keuangan RI,Gedung Perkantoran,-6.1873834,106.8223409,POINT (106.8223409 -6.1873834)
undefined,Gedung Perkantoran,-6.1852188,106.8261992,POINT (106.8261992 -6.1852188)
Kementrian Koordinator Bidang Kemaritiman dan Investasi,Gedung Perkantoran,-6.1850219,106.8227686,POINT (106.8227686 -6.1850219)
Badan Standarisasi Nasional,Gedung Perkantoran,-6.1847497,106.8227581,POINT (106.8227581 -6.1847497)
Max One Hotel Sabang,Hotel,-6.184556,106.8248974,POINT (106.8248974 -6.184556)
MaxOne,Hotel,-6.1842158,106.8247041,POINT (106.8247041 -6.1842158)
Whiz,Hotel,-6.1883111,106.8366862,POINT (106.8366862 -6.1883111)
undefined,Gedung Perkantoran,-6.1877303,106.8327678,POINT (106.8327678 -6.1877303)
undefined,Gedung Perkantoran,-6.1876161,106.8340275,POINT (106.8340275 -6.1876161)
undefined,Hotel,-6.187577,106.8307504,POINT (106.8307504 -6.187577)
Sofyan Hotel Cut Meutia,Hotel,-6.1874751,106.8342642,POINT (106.8342642 -6.1874751)
Independent Research & Advisory Indonesia,Gedung Perkantoran,-6.187418,106.8366735,POINT (106.8366735 -6.187418)
Horison Ultima Menteng,Hotel,-6.1864527,106.8366672,POINT (106.8366672 -6.1864527)
undefined,Gedung Perkantoran,-6.1862514,106.831645,POINT (106.831645 -6.1862514)
undefined,Gedung Perkantoran,-6.1849756,106.8332796,POINT (106.8332796 -6.1849756)
undefined,Hotel,-6.184884,106.8343942,POINT (106.8343942 -6.184884)
Aloft Jakarta Wahid Hasyim,Hotel,-6.1863149,106.8272149,POINT (106.8272149 -6.1863149)
Construction site,Hotel,-6.1860178,106.8289819,POINT (106.8289819 -6.1860178)
Wisma Jalan Jaksa,Hotel,-6.1859565,106.8290101,POINT (106.8290101 -6.1859565)
Construction site,Hotel,-6.1858841,106.8291552,POINT (106.8291552 -6.1858841)
Tator,Hotel,-6.185756,106.8291834,POINT (106.8291834 -6.185756)
Djody Hotel,Hotel,-6.1856391,106.829224,POINT (106.829224 -6.1856391)
Lodging,Hotel,-6.1856243,106.829087,POINT (106.829087 -6.1856243)
Lodging,Hotel,-6.1854512,106.8290987,POINT (106.8290987 -6.1854512)
Graha XL Menteng,Gedung Perkantoran,-6.1841363,106.8302559,POINT (106.8302559 -6.1841363)
Alinda Hotel,Hotel,-6.1841333,106.8289567,POINT (106.8289567 -6.1841333)
MNC Tower Main Entrance,Gedung Perkantoran,-6.1839086,106.831947,POINT (106.831947 -6.1839086)
Telkomsel,Gedung Perkantoran,-6.1818418,106.8324191,POINT (106.8324191 -6.1818418)
undefined,Gedung Perkantoran,-6.1812966,106.8332879,POINT (106.8332879 -6.1812966)
undefined,Gedung Perkantoran,-6.1805194,106.8328284,POINT (106.8328284 -6.1805194)
undefined,Gedung Perkantoran,-6.1803952,106.8332479,POINT (106.8332479 -6.1803952)
undefined,Gedung Perkantoran,-6.1796726,106.8327702,POINT (106.8327702 -6.1796726)
undefined,Gedung Perkantoran,-6.1793421,106.8327081,POINT (106.8327081 -6.1793421)
undefined,Gedung Perkantoran,-6.1788928,106.8325929,POINT (106.8325929 -6.1788928)
Rail Transit Suite,Hotel,-6.1778398,106.8311164,POINT (106.8311164 -6.1778398)
Hotel Borobudur Jakarta,Hotel,-6.1723652,106.8344121,POINT (106.8344121 -6.1723652)
undefined,Gedung Perkantoran,-6.2320319,106.8440088,POINT (106.8440088 -6.2320319)
Telkomsel,Gedung Perkantoran,-6.2239859,106.8424029,POINT (106.8424029 -6.2239859)
PT Catur,Gedung Perkantoran,-6.2179369,106.8446531,POINT (106.8446531 -6.2179369)
PT Temma Cipta Allesindo - Daikin,Gedung Perkantoran,-6.2178526,106.8446045,POINT (106.8446045 -6.2178526)
de'Print,Gedung Perkantoran,-6.2175145,106.8443653,POINT (106.8443653 -6.2175145)
undefined,Gedung Perkantoran,-6.2135714,106.8441759,POINT (106.8441759 -6.2135714)
undefined,Gedung Perkantoran,-6.2133254,106.8443217,POINT (106.8443217 -6.2133254)
undefined,Hotel,-6.210573,106.8453263,POINT (106.8453263 -6.210573)
undefined,Gedung Perkantoran,-6.2059868,106.8371906,POINT (106.8371906 -6.2059868)
Euro Management Indonesia,Gedung Perkantoran,-6.202872,106.8382739,POINT (106.8382739 -6.202872)
Hotel Nuansa Bali Anyer,Hotel,-6.2113234,106.8590718,POINT (106.8590718 -6.2113234)
undefined,Hotel,-6.20543,106.8584198,POINT (106.8584198 -6.20543)
undefined,Gedung Perkantoran,-6.2042604,106.8580061,POINT (106.8580061 -6.2042604)
undefined,Gedung Perkantoran,-6.2034953,106.8577204,POINT (106.8577204 -6.2034953)
undefined,Gedung Perkantoran,-6.2029537,106.8486451,POINT (106.8486451 -6.2029537)
Holiday Inn Express Jakarta Matraman,Hotel,-6.2029493,106.8577566,POINT (106.8577566 -6.2029493)
undefined,Gedung Perkantoran,-6.2022205,106.8478532,POINT (106.8478532 -6.2022205)
Hotel Balairung,Hotel,-6.1999809,106.8548906,POINT (106.8548906 -6.1999809)
Gedung E Perpustakaan Nasional RI Salemba,Gedung Perkantoran,-6.1993123,106.8509761,POINT (106.8509761 -6.1993123)
undefined,Gedung Perkantoran,-6.1992161,106.85219,POINT (106.85219 -6.1992161)
Gedung D Perpustakaan Nasional RI Salemba,Gedung Perkantoran,-6.1991136,106.8511853,POINT (106.8511853 -6.1991136)
Gedung C Perpustakaan Nasional RI Salemba,Gedung Perkantoran,-6.1988336,106.8513395,POINT (106.8513395 -6.1988336)
Sekretariat Perpustakaan Nasional RI,Gedung Perkantoran,-6.198759,106.851825,POINT (106.851825 -6.198759)
Gedung B Perpustakaan Nasional RI Salemba,Gedung Perkantoran,-6.1986243,106.8515957,POINT (106.8515957 -6.1986243)
Layanan ISBN Perpustakaan Nasional RI,Gedung Perkantoran,-6.1983643,106.8518156,POINT (106.8518156 -6.1983643)
Gedung A Perpustakaan Nasional RI Salemba,Gedung Perkantoran,-6.1983257,106.8517834,POINT (106.8517834 -6.1983257)
undefined,Hotel,-6.198041,106.851727,POINT (106.851727 -6.198041)
undefined,Gedung Perkantoran,-6.1980367,106.8530333,POINT (106.8530333 -6.1980367)
undefined,Gedung Perkantoran,-6.1975355,106.8510124,POINT (106.8510124 -6.1975355)
undefined,Gedung Perkantoran,-6.1962199,106.8500454,POINT (106.8500454 -6.1962199)
undefined,Gedung Perkantoran,-6.1958809,106.8496723,POINT (106.8496723 -6.1958809)
JNE Logistics,Gedung Perkantoran,-6.1936086,106.8615727,POINT (106.8615727 -6.1936086)
undefined,Gedung Perkantoran,-6.1935956,106.8530283,POINT (106.8530283 -6.1935956)
undefined,Gedung Perkantoran,-6.1931478,106.8517059,POINT (106.8517059 -6.1931478)
Pegadaian Salemba,Gedung Perkantoran,-6.1927968,106.8482025,POINT (106.8482025 -6.1927968)
Badan Pengawasan Keuangan dan Pembangunan (BPKP),Gedung Perkantoran,-6.1926646,106.870906,POINT (106.870906 -6.1926646)
Hotel Sentral,Hotel,-6.1921696,106.8647274,POINT (106.8647274 -6.1921696)
P Hotel,Hotel,-6.19214,106.8673581,POINT (106.8673581 -6.19214)
Paseban Cemara 1,Hotel,-6.1914055,106.8527686,POINT (106.8527686 -6.1914055)
Hotel Salemba Jakarta,Hotel,-6.1913991,106.8505699,POINT (106.8505699 -6.1913991)
undefined,Gedung Perkantoran,-6.1959182,106.8396929,POINT (106.8396929 -6.1959182)
undefined,Hotel,-6.195423,106.8370849,POINT (106.8370849 -6.195423)
undefined,Gedung Perkantoran,-6.194651,106.8451555,POINT (106.8451555 -6.194651)
undefined,Gedung Perkantoran,-6.1943411,106.8408097,POINT (106.8408097 -6.1943411)
Mercure Hotel Cikini,Hotel,-6.194243,106.8390861,POINT (106.8390861 -6.194243)
undefined,Gedung Perkantoran,-6.1939685,106.8381243,POINT (106.8381243 -6.1939685)
undefined,Hotel,-6.19394,106.8383381,POINT (106.8383381 -6.19394)
Hotel Cikini,Hotel,-6.1923614,106.8390114,POINT (106.8390114 -6.1923614)
Puri Inn Hotel - Oyo Hotel,Hotel,-6.1922862,106.842104,POINT (106.842104 -6.1922862)
Hotel Raden,Hotel,-6.1903354,106.8435369,POINT (106.8435369 -6.1903354)
undefined,Hotel,-6.2011483,106.9508267,POINT (106.9508267 -6.2011483)
undefined,Gedung Perkantoran,-6.1987328,106.9045066,POINT (106.9045066 -6.1987328)
Surety Bond Jakarta,Gedung Perkantoran,-6.1985458,106.8882036,POINT (106.8882036 -6.1985458)
undefined,Gedung Perkantoran,-6.1949027,106.9126093,POINT (106.9126093 -6.1949027)
Kantor Martha Tilaar (Holding),Gedung Perkantoran,-6.1942564,106.9075957,POINT (106.9075957 -6.1942564)
Pertamina Maritime Training Centre,Gedung Perkantoran,-6.1933636,106.8988495,POINT (106.8988495 -6.1933636)
MaxOne Hotel Pemuda,Hotel,-6.1927035,106.8807842,POINT (106.8807842 -6.1927035)
Graha MIR,Gedung Perkantoran,-6.192699,106.8806242,POINT (106.8806242 -6.192699)
PT Trimanunggal Perkasindo,Gedung Perkantoran,-6.1859453,106.9284659,POINT (106.9284659 -6.1859453)
Kantor Pemasaran Kota Harapan Indah,Gedung Perkantoran,-6.1819686,106.973118,POINT (106.973118 -6.1819686)
Hotel Bintang Griyawisata,Hotel,-6.1898438,106.8443494,POINT (106.8443494 -6.1898438)
undefined,Gedung Perkantoran,-6.1866484,106.8368343,POINT (106.8368343 -6.1866484)
ThinkrCreative,Gedung Perkantoran,-6.1848967,106.8374622,POINT (106.8374622 -6.1848967)
undefined,Gedung Perkantoran,-6.1848625,106.8432919,POINT (106.8432919 -6.1848625)
undefined,Gedung Perkantoran,-6.1847506,106.8434653,POINT (106.8434653 -6.1847506)
undefined,Gedung Perkantoran,-6.18427,106.8443835,POINT (106.8443835 -6.18427)
undefined,Hotel,-6.1840621,106.8441053,POINT (106.8441053 -6.1840621)
Amaris Hotel,Hotel,-6.1832631,106.8436135,POINT (106.8436135 -6.1832631)
PT.Abi Mitra Dinamika (AMD),Gedung Perkantoran,-6.1824632,106.8440871,POINT (106.8440871 -6.1824632)
Puri Kwitang Hotel,Hotel,-6.181628,106.8402865,POINT (106.8402865 -6.181628)
undefined,Gedung Perkantoran,-6.1906304,106.8481015,POINT (106.8481015 -6.1906304)
undefined,Hotel,-6.1900181,106.8477689,POINT (106.8477689 -6.1900181)
undefined,Gedung Perkantoran,-6.1897663,106.8474246,POINT (106.8474246 -6.1897663)
Apartemen The Green Pramuka City,Apartemen,-6.1891306,106.8725788,POINT (106.8725788 -6.1891306)
The Acacia Hotel,Hotel,-6.1889819,106.8472349,POINT (106.8472349 -6.1889819)
Miindonews,Gedung Perkantoran,-6.1882984,106.8700983,POINT (106.8700983 -6.1882984)
undefined,Gedung Perkantoran,-6.1877228,106.8463891,POINT (106.8463891 -6.1877228)
undefined,Gedung Perkantoran,-6.1866157,106.8495291,POINT (106.8495291 -6.1866157)
undefined,Gedung Perkantoran,-6.1847768,106.8732933,POINT (106.8732933 -6.1847768)
Semidang Group,Gedung Perkantoran,-6.1790362,106.8747117,POINT (106.8747117 -6.1790362)
undefined,Gedung Perkantoran,-6.1811488,106.8394942,POINT (106.8394942 -6.1811488)
Hotel Gren Alia Prapatan,Hotel,-6.1809488,106.8381952,POINT (106.8381952 -6.1809488)
undefined,Hotel,-6.1801721,106.840675,POINT (106.840675 -6.1801721)
undefined,Hotel,-6.1780323,106.8412476,POINT (106.8412476 -6.1780323)
undefined,Gedung Perkantoran,-6.1764593,106.8395313,POINT (106.8395313 -6.1764593)
undefined,Gedung Perkantoran,-6.1763697,106.8397524,POINT (106.8397524 -6.1763697)
undefined,Hotel,-6.17596,106.8404313,POINT (106.8404313 -6.17596)
undefined,Gedung Perkantoran,-6.1742002,106.8405259,POINT (106.8405259 -6.1742002)
undefined,Hotel,-6.1733301,106.8447098,POINT (106.8447098 -6.1733301)
undefined,Hotel,-6.1725745,106.8410616,POINT (106.8410616 -6.1725745)
Gading Icon Apartemen Rosewood Tower,Apartemen,-6.181782,106.904624,POINT (106.904624 -6.181782)
Kirana Boutique Office,Gedung Perkantoran,-6.174447,106.89623,POINT (106.89623 -6.174447)
Sekretariat RW 21,Gedung Perkantoran,-6.1700063,106.9164924,POINT (106.9164924 -6.1700063)
Wisma Mayoria,Gedung Perkantoran,-6.1664407,106.9147812,POINT (106.9147812 -6.1664407)
Kirana Two Office Tower (Main Entrance),Gedung Perkantoran,-6.1656327,106.9140163,POINT (106.9140163 -6.1656327)
Fave Hotel Jakarta Gading,Hotel,-6.1611909,106.9082509,POINT (106.9082509 -6.1611909)
Gading Indah Hotel,Hotel,-6.1599436,106.9174531,POINT (106.9174531 -6.1599436)
undefined,Gedung Perkantoran,-6.1578457,106.8826394,POINT (106.8826394 -6.1578457)
Depo LRT Jakarta,Gedung Perkantoran,-6.1574904,106.9151238,POINT (106.9151238 -6.1574904)
Sunter Park View,Apartemen,-6.1574793,106.8840819,POINT (106.8840819 -6.1574793)
D' Batavia Hotel,Hotel,-6.1838813,106.8296419,POINT (106.8296419 -6.1838813)
Construction site,Hotel,-6.1837421,106.8296565,POINT (106.8296565 -6.1837421)
Istana Ratu,Hotel,-6.1836685,106.829682,POINT (106.829682 -6.1836685)
Construction site,Hotel,-6.1835211,106.8296976,POINT (106.8296976 -6.1835211)
undefined,Gedung Perkantoran,-6.1834282,106.8274101,POINT (106.8274101 -6.1834282)
Lodging,Hotel,-6.1833924,106.8297327,POINT (106.8297327 -6.1833924)
Sriwijaya Hotel,Hotel,-6.1688048,106.8298873,POINT (106.8298873 -6.1688048)
undefined,Gedung Perkantoran,-6.1682096,106.827438,POINT (106.827438 -6.1682096)
undefined,Gedung Perkantoran,-6.1681826,106.8279122,POINT (106.8279122 -6.1681826)
"PT. Kimia Farma, Tbk.",Gedung Perkantoran,-6.1681522,106.8268186,POINT (106.8268186 -6.1681522)
Hotel Ashley,Hotel,-6.1840784,106.8246774,POINT (106.8246774 -6.1840784)
Garuda Indonesia,Gedung Perkantoran,-6.1826023,106.8257338,POINT (106.8257338 -6.1826023)
Badan Pembinaan Ideologi Pancasila Gambir,Gedung Perkantoran,-6.168817,106.8252827,POINT (106.8252827 -6.168817)
Presidential House - Indonesia,Gedung Perkantoran,-6.1678251,106.8239191,POINT (106.8239191 -6.1678251)
undefined,Gedung Perkantoran,-6.1669717,106.8231528,POINT (106.8231528 -6.1669717)
undefined,Hotel,-6.164627,106.8256487,POINT (106.8256487 -6.164627)
Hotel Luminor Pecenongan,Hotel,-6.1645756,106.8262036,POINT (106.8262036 -6.1645756)
undefined,Hotel,-6.1637673,106.8236263,POINT (106.8236263 -6.1637673)
undefined,Gedung Perkantoran,-6.162983,106.824559,POINT (106.824559 -6.162983)
undefined,Gedung Perkantoran,-6.1628995,106.8245388,POINT (106.8245388 -6.1628995)
undefined,Gedung Perkantoran,-6.1686756,106.8327253,POINT (106.8327253 -6.1686756)
undefined,Gedung Perkantoran,-6.1679664,106.834156,POINT (106.834156 -6.1679664)
undefined,Gedung Perkantoran,-6.167935,106.8349761,POINT (106.8349761 -6.167935)
undefined,Gedung Perkantoran,-6.1673106,106.8347782,POINT (106.8347782 -6.1673106)
undefined,Gedung Perkantoran,-6.1664209,106.830371,POINT (106.830371 -6.1664209)
Hotel Antara,Hotel,-6.1660512,106.8331336,POINT (106.8331336 -6.1660512)
undefined,Gedung Perkantoran,-6.1659966,106.8304489,POINT (106.8304489 -6.1659966)
Hotel Pasar Baru,Hotel,-6.1651784,106.8345601,POINT (106.8345601 -6.1651784)
Yuan Garden Hotel Pasar Baru,Hotel,-6.1630955,106.8323987,POINT (106.8323987 -6.1630955)
RedDoorz Apartment @ Pasar Baru Mansion,Hotel,-6.1629599,106.8322411,POINT (106.8322411 -6.1629599)
undefined,Gedung Perkantoran,-6.1677259,106.8300178,POINT (106.8300178 -6.1677259)
undefined,Hotel,-6.1676093,106.8298558,POINT (106.8298558 -6.1676093)
undefined,Gedung Perkantoran,-6.1675759,106.829772,POINT (106.829772 -6.1675759)
undefined,Gedung Perkantoran,-6.1675488,106.829162,POINT (106.829162 -6.1675488)
undefined,Gedung Perkantoran,-6.1674557,106.8285416,POINT (106.8285416 -6.1674557)
undefined,Gedung Perkantoran,-6.1665357,106.8271194,POINT (106.8271194 -6.1665357)
undefined,Hotel,-6.1664086,106.8280238,POINT (106.8280238 -6.1664086)
undefined,Hotel,-6.1635457,106.8269886,POINT (106.8269886 -6.1635457)
Palang Merah Indonesia,Gedung Perkantoran,-6.1627995,106.8268055,POINT (106.8268055 -6.1627995)
Classic Hotel,Hotel,-6.1620637,106.8297224,POINT (106.8297224 -6.1620637)
Red Planet Hotel Pasar Baru Red Planet Hotel,Hotel,-6.1601527,106.834453,POINT (106.834453 -6.1601527)
Favehotel Pasar Baru,Hotel,-6.1599734,106.8359328,POINT (106.8359328 -6.1599734)
Oyo 208 G. House,Hotel,-6.1587655,106.8338458,POINT (106.8338458 -6.1587655)
Hotel Lautze Indah,Hotel,-6.1573337,106.8348533,POINT (106.8348533 -6.1573337)
Superoti,Gedung Perkantoran,-6.1568767,106.8303665,POINT (106.8303665 -6.1568767)
Alpine Hotel,Hotel,-6.1556857,106.8366324,POINT (106.8366324 -6.1556857)
undefined,Gedung Perkantoran,-6.1527474,106.8360264,POINT (106.8360264 -6.1527474)
undefined,Gedung Perkantoran,-6.1502301,106.8356083,POINT (106.8356083 -6.1502301)
Swiss Bell Hotel Mangga Besar,Hotel,-6.1495738,106.8341053,POINT (106.8341053 -6.1495738)
Fashion Hotel,Hotel,-6.1491207,106.835186,POINT (106.835186 -6.1491207)
Polsub Sektor Sawah Besar Stasiun Sawah Besar,Gedung Perkantoran,-6.1597788,106.8274321,POINT (106.8274321 -6.1597788)
Yayasan Haji Karim OEI,Gedung Perkantoran,-6.1589295,106.8299436,POINT (106.8299436 -6.1589295)
Grand batik inn,Hotel,-6.1499002,106.8274618,POINT (106.8274618 -6.1499002)
Diva Family Karaoke Mangga Besar,Gedung Perkantoran,-6.1485185,106.8273904,POINT (106.8273904 -6.1485185)
Hotel 88 Mangga Besar Raya,Hotel,-6.1483127,106.8288848,POINT (106.8288848 -6.1483127)
Orchardz hotel Jayakarta,Hotel,-6.14262,106.828939,POINT (106.828939 -6.14262)
Apartemen Pesona Bahari,Apartemen,-6.1395053,106.8282825,POINT (106.8282825 -6.1395053)
undefined,Hotel,-6.1382841,106.8279046,POINT (106.8279046 -6.1382841)
undefined,Gedung Perkantoran,-6.1376213,106.8283595,POINT (106.8283595 -6.1376213)
undefined,Gedung Perkantoran,-6.1376166,106.8286785,POINT (106.8286785 -6.1376166)
undefined,Gedung Perkantoran,-6.1603055,106.8382957,POINT (106.8382957 -6.1603055)
undefined,Gedung Perkantoran,-6.1596879,106.8395404,POINT (106.8395404 -6.1596879)
undefined,Gedung Perkantoran,-6.159631,106.8377926,POINT (106.8377926 -6.159631)
undefined,Hotel,-6.1595808,106.8394996,POINT (106.8394996 -6.1595808)
undefined,Hotel,-6.1595768,106.838805,POINT (106.838805 -6.1595768)
undefined,Hotel,-6.1592763,106.8388619,POINT (106.8388619 -6.1592763)
undefined,Hotel,-6.1582088,106.8380451,POINT (106.8380451 -6.1582088)
undefined,Gedung Perkantoran,-6.1578666,106.8373746,POINT (106.8373746 -6.1578666)
Grand Orchardz Hotel,Hotel,-6.1485222,106.8385847,POINT (106.8385847 -6.1485222)
Ruko Permata Ancol,Gedung Perkantoran,-6.1315967,106.8382685,POINT (106.8382685 -6.1315967)
U Stay Hotel Mangga Besar,Hotel,-6.1489985,106.8334861,POINT (106.8334861 -6.1489985)
Orchrdz Hotel Industri,Hotel,-6.1480963,106.8364213,POINT (106.8364213 -6.1480963)
Orchardz Hotel,Hotel,-6.1471302,106.8359908,POINT (106.8359908 -6.1471302)
undefined,Hotel,-6.1469428,106.835056,POINT (106.835056 -6.1469428)
undefined,Gedung Perkantoran,-6.1455176,106.8347603,POINT (106.8347603 -6.1455176)
undefined,Hotel,-6.1454151,106.8350497,POINT (106.8350497 -6.1454151)
undefined,Hotel,-6.1430221,106.8339641,POINT (106.8339641 -6.1430221)
Ibis Styles,Hotel,-6.1392761,106.8318098,POINT (106.8318098 -6.1392761)
Novotel Jakarta Mangga Dua Square,Hotel,-6.1381756,106.8318856,POINT (106.8318856 -6.1381756)
undefined,Gedung Perkantoran,-6.1375552,106.8338269,POINT (106.8338269 -6.1375552)
undefined,Gedung Perkantoran,-6.1366601,106.8293149,POINT (106.8293149 -6.1366601)
Hamparan Stone,Gedung Perkantoran,-6.1364703,106.8275543,POINT (106.8275543 -6.1364703)
undefined,Gedung Perkantoran,-6.1351881,106.8289179,POINT (106.8289179 -6.1351881)
Grand Dafam Ancol,Hotel,-6.1296127,106.8294212,POINT (106.8294212 -6.1296127)
Mandiri Tunas Finance,Gedung Perkantoran,-6.1365745,106.831447,POINT (106.831447 -6.1365745)
undefined,Hotel,-6.134193,106.8322301,POINT (106.8322301 -6.134193)
Super Spring Pusat,Gedung Perkantoran,-6.1338659,106.832237,POINT (106.832237 -6.1338659)
Mercure Hotel Ancol,Hotel,-6.1223774,106.8365693,POINT (106.8365693 -6.1223774)
undefined,Hotel,-6.1749654,106.8572297,POINT (106.8572297 -6.1749654)
undefined,Gedung Perkantoran,-6.1741538,106.8476813,POINT (106.8476813 -6.1741538)
C One,Hotel,-6.1724023,106.8632249,POINT (106.8632249 -6.1724023)
undefined,Gedung Perkantoran,-6.1718724,106.8474962,POINT (106.8474962 -6.1718724)
undefined,Hotel,-6.1701833,106.8472551,POINT (106.8472551 -6.1701833)
PT Wahana Mandiri Sydratama,Gedung Perkantoran,-6.1662289,106.8733669,POINT (106.8733669 -6.1662289)
Apartemen Graha Cempaka Mas,Apartemen,-6.1648466,106.8761729,POINT (106.8761729 -6.1648466)
Kantor Sekretariat RW 03,Gedung Perkantoran,-6.1633178,106.8503574,POINT (106.8503574 -6.1633178)
undefined,Gedung Perkantoran,-6.1624989,106.8708246,POINT (106.8708246 -6.1624989)
undefined,Gedung Perkantoran,-6.1616767,106.8458733,POINT (106.8458733 -6.1616767)
Kantor Pusat Direktorat jenderal kekayaan negara,Gedung Perkantoran,-6.1689635,106.8378415,POINT (106.8378415 -6.1689635)
undefined,Gedung Perkantoran,-6.1689529,106.8402648,POINT (106.8402648 -6.1689529)
undefined,Hotel,-6.1674266,106.8397727,POINT (106.8397727 -6.1674266)
undefined,Gedung Perkantoran,-6.1656813,106.8393315,POINT (106.8393315 -6.1656813)
undefined,Gedung Perkantoran,-6.1632635,106.8409676,POINT (106.8409676 -6.1632635)
undefined,Gedung Perkantoran,-6.1630779,106.8387826,POINT (106.8387826 -6.1630779)
undefined,Gedung Perkantoran,-6.162551,106.8411756,POINT (106.8411756 -6.162551)
undefined,Hotel,-6.1612949,106.8450456,POINT (106.8450456 -6.1612949)
undefined,Hotel,-6.1605317,106.8369466,POINT (106.8369466 -6.1605317)
Amaris Hotel Pasar Baru,Hotel,-6.1604629,106.8372104,POINT (106.8372104 -6.1604629)
HARRIS Hotel & Conventions Kelapa Gading,Hotel,-6.1574195,106.9101666,POINT (106.9101666 -6.1574195)
Wondermind Kelapa Gading,Gedung Perkantoran,-6.1571867,106.9071164,POINT (106.9071164 -6.1571867)
Oyo near Mall of Indonesia,Hotel,-6.1543351,106.8967551,POINT (106.8967551 -6.1543351)
Graha WPN,Gedung Perkantoran,-6.1536714,106.8859471,POINT (106.8859471 -6.1536714)
Grand Whiz Hotel,Hotel,-6.1533567,106.89681,POINT (106.89681 -6.1533567)
Whiz Prime Hotel,Hotel,-6.1532452,106.8924587,POINT (106.8924587 -6.1532452)
Paladian Park Apartment (Main Entrance),Apartemen,-6.1529053,106.8966197,POINT (106.8966197 -6.1529053)
Sherwood Residence (Main Entrance),Apartemen,-6.1528485,106.9068571,POINT (106.9068571 -6.1528485)
eL Hotel Royale Jakarta,Hotel,-6.1524272,106.8956182,POINT (106.8956182 -6.1524272)
Hotel All Sedayu Kelapa Gading,Hotel,-6.1520522,106.8918648,POINT (106.8918648 -6.1520522)
PT Asia Jabo International,Gedung Perkantoran,-6.1509503,106.8978608,POINT (106.8978608 -6.1509503)
Grahaesa,Gedung Perkantoran,-6.1508124,106.8970789,POINT (106.8970789 -6.1508124)
PT Filtagreen Global,Gedung Perkantoran,-6.150794,106.8970819,POINT (106.8970819 -6.150794)
Graha Kirana,Gedung Perkantoran,-6.1506899,106.8878373,POINT (106.8878373 -6.1506899)
San Fransisco Apartment at Moi,Apartemen,-6.1501696,106.8905933,POINT (106.8905933 -6.1501696)
Hotel Santika Kelapa Gading,Hotel,-6.1500853,106.902761,POINT (106.902761 -6.1500853)
"Kairos Duta MOI, Rukan Gading Riverview",Gedung Perkantoran,-6.1493259,106.8901844,POINT (106.8901844 -6.1493259)
Cabin Hotel Sunter,Hotel,-6.1479927,106.8881984,POINT (106.8881984 -6.1479927)
Sunlake Waterfront Hotel Resort & Convention,Hotel,-6.1470447,106.8794521,POINT (106.8794521 -6.1470447)
Sunlake Hotel,Hotel,-6.1469573,106.8796579,POINT (106.8796579 -6.1469573)
undefined,Gedung Perkantoran,-6.1614467,106.8464349,POINT (106.8464349 -6.1614467)
undefined,Gedung Perkantoran,-6.1612351,106.848242,POINT (106.848242 -6.1612351)
Apartemen Grand Palace Kemayoran,Apartemen,-6.1602289,106.8528327,POINT (106.8528327 -6.1602289)
undefined,Gedung Perkantoran,-6.1564569,106.8639869,POINT (106.8639869 -6.1564569)
Mediterania Boulevard Residences,Apartemen,-6.1556153,106.8519177,POINT (106.8519177 -6.1556153)
Apartemen Green Lake Northern Park Residences,Apartemen,-6.1454996,106.8755481,POINT (106.8755481 -6.1454996)
DoubleTree by Hilton Jakarta Kemayoran,Hotel,-6.1411172,106.8536513,POINT (106.8536513 -6.1411172)
undefined,Gedung Perkantoran,-6.1374388,106.8678116,POINT (106.8678116 -6.1374388)
Upperclicks,Gedung Perkantoran,-6.1348369,106.8660606,POINT (106.8660606 -6.1348369)
Upperclicks,Gedung Perkantoran,-6.1348313,106.8660795,POINT (106.8660795 -6.1348313)
undefined,Gedung Perkantoran,-6.1464457,106.8955469,POINT (106.8955469 -6.1464457)
Rukan Artha Gading Niaga,Gedung Perkantoran,-6.145515,106.8944799,POINT (106.8944799 -6.145515)
Kantor Sekretariat RW. 24,Gedung Perkantoran,-6.1454284,106.9147832,POINT (106.9147832 -6.1454284)
Kantor Imigrasi Kelas I Jakarta Utara,Gedung Perkantoran,-6.145283,106.8939002,POINT (106.8939002 -6.145283)
undefined,Gedung Perkantoran,-6.140504,106.8836861,POINT (106.8836861 -6.140504)
undefined,Gedung Perkantoran,-6.1299388,106.9014869,POINT (106.9014869 -6.1299388)
undefined,Gedung Perkantoran,-6.120802,106.8917297,POINT (106.8917297 -6.120802)
Telkomsel,Gedung Perkantoran,-6.1175932,106.8928146,POINT (106.8928146 -6.1175932)
undefined,Gedung Perkantoran,-6.1172106,106.8943754,POINT (106.8943754 -6.1172106)
undefined,Gedung Perkantoran,-6.1161566,106.8944938,POINT (106.8944938 -6.1161566)
undefined,Gedung Perkantoran,-6.1313654,106.8402196,POINT (106.8402196 -6.1313654)
undefined,Gedung Perkantoran,-6.1312126,106.8389638,POINT (106.8389638 -6.1312126)
Pusat Hidrografi dan Oseanografi TNI Angkatan Laut,Gedung Perkantoran,-6.1234157,106.8458461,POINT (106.8458461 -6.1234157)
Putri Duyung Ancol,Hotel,-6.1218229,106.8409833,POINT (106.8409833 -6.1218229)
d'ARCICI Hotel Sunter,Hotel,-6.1318082,106.863776,POINT (106.863776 -6.1318082)
Hotel Sunter Paradise,Hotel,-6.1315369,106.8636644,POINT (106.8636644 -6.1315369)
undefined,Gedung Perkantoran,-6.1227468,106.8609468,POINT (106.8609468 -6.1227468)
Rumah Aspirasi OSCO,Gedung Perkantoran,-6.1175891,106.8785968,POINT (106.8785968 -6.1175891)
undefined,Gedung Perkantoran,-6.1144943,106.8942742,POINT (106.8942742 -6.1144943)
undefined,Hotel,-6.1144804,106.8941998,POINT (106.8941998 -6.1144804)
undefined,Hotel,-6.1126678,106.8961167,POINT (106.8961167 -6.1126678)
undefined,Gedung Perkantoran,-6.1122013,106.8964131,POINT (106.8964131 -6.1122013)
BAWASLU KOTA JAKARTA UTARA,Gedung Perkantoran,-6.1109419,106.8992817,POINT (106.8992817 -6.1109419)
undefined,Gedung Perkantoran,-6.1103306,106.890628,POINT (106.890628 -6.1103306)
undefined,Gedung Perkantoran,-6.1101443,106.8843967,POINT (106.8843967 -6.1101443)
undefined,Gedung Perkantoran,-6.109509,106.8845241,POINT (106.8845241 -6.109509)
undefined,Gedung Perkantoran,-6.109445,106.8836769,POINT (106.8836769 -6.109445)
undefined,Gedung Perkantoran,-6.108172,106.8833346,POINT (106.8833346 -6.108172)
undefined,Gedung Perkantoran,-6.107545,106.8805495,POINT (106.8805495 -6.107545)
Sekertariat RW 10,Gedung Perkantoran,-6.0986795,106.9640184,POINT (106.9640184 -6.0986795)
kantor UPRS,Gedung Perkantoran,-6.0982779,106.9631587,POINT (106.9631587 -6.0982779)
Sekretariat RT,Gedung Perkantoran,-6.0979173,106.9631939,POINT (106.9631939 -6.0979173)
Yayasan Pendidikan dan Kesejahteraan Disabilitas,Gedung Perkantoran,-6.0974822,106.9641061,POINT (106.9641061 -6.0974822)
Sekretariat RT,Gedung Perkantoran,-6.0974276,106.9641075,POINT (106.9641075 -6.0974276)
sekret rt,Gedung Perkantoran,-6.0973463,106.9638968,POINT (106.9638968 -6.0973463)
Pelatihan Menjahit Yayasan Ponda,Gedung Perkantoran,-6.0944726,106.9637553,POINT (106.9637553 -6.0944726)
Rumah Belajar Scott Thompson,Gedung Perkantoran,-6.0944285,106.9639006,POINT (106.9639006 -6.0944285)
Amanah Homestay,Hotel,-6.3124659,106.7782937,POINT (106.7782937 -6.3124659)
Pevent Group,Gedung Perkantoran,-6.2969039,106.7878723,POINT (106.7878723 -6.2969039)
Metropolitan Tower,Gedung Perkantoran,-6.2933676,106.7850946,POINT (106.7850946 -6.2933676)
Wisma MRA,Gedung Perkantoran,-6.2919282,106.796566,POINT (106.796566 -6.2919282)
LogID,Gedung Perkantoran,-6.2915296,106.7920827,POINT (106.7920827 -6.2915296)
P,Gedung Perkantoran,-6.3568811,106.8008912,POINT (106.8008912 -6.3568811)
undefined,Hotel,-6.2962603,106.7992443,POINT (106.7992443 -6.2962603)
RÃ  Premiere,Hotel,-6.2936419,106.8022559,POINT (106.8022559 -6.2936419)
PT PAM Lyonnaise Jaya,Gedung Perkantoran,-6.292953,106.8061262,POINT (106.8061262 -6.292953)
PT BKS Kantor Pusat,Gedung Perkantoran,-6.2841169,106.8075256,POINT (106.8075256 -6.2841169)
undefined,Gedung Perkantoran,-6.2781057,106.7967568,POINT (106.7967568 -6.2781057)
GO Work Fatmawati,Gedung Perkantoran,-6.2716101,106.797278,POINT (106.797278 -6.2716101)
undefined,Gedung Perkantoran,-6.2685637,106.7979524,POINT (106.7979524 -6.2685637)
undefined,Gedung Perkantoran,-6.2905609,106.7950446,POINT (106.7950446 -6.2905609)
Depo MRT Jakarta,Gedung Perkantoran,-6.2899878,106.7756611,POINT (106.7756611 -6.2899878)
Grand Whiz Poins Simatupang Jakarta,Hotel,-6.2899244,106.7776299,POINT (106.7776299 -6.2899244)
undefined,Gedung Perkantoran,-6.2886645,106.7950545,POINT (106.7950545 -6.2886645)
undefined,Gedung Perkantoran,-6.2878383,106.7951616,POINT (106.7951616 -6.2878383)
undefined,Gedung Perkantoran,-6.2865309,106.7955188,POINT (106.7955188 -6.2865309)
Hotel Kristal,Hotel,-6.2838069,106.7908115,POINT (106.7908115 -6.2838069)
Bumimas Jakarta Apartment,Apartemen,-6.2809064,106.7949493,POINT (106.7949493 -6.2809064)
undefined,Gedung Perkantoran,-6.2779368,106.7965035,POINT (106.7965035 -6.2779368)
undefined,Gedung Perkantoran,-6.2769623,106.7961067,POINT (106.7961067 -6.2769623)
Jasa Site Plan,Gedung Perkantoran,-6.2887533,106.7743663,POINT (106.7743663 -6.2887533)
undefined,Gedung Perkantoran,-6.2853431,106.7734169,POINT (106.7734169 -6.2853431)
Safin Inn Cipete,Hotel,-6.2669213,106.8027478,POINT (106.8027478 -6.2669213)
undefined,Gedung Perkantoran,-6.2641241,106.7989488,POINT (106.7989488 -6.2641241)
undefined,Gedung Perkantoran,-6.2641079,106.7982944,POINT (106.7982944 -6.2641079)
undefined,Gedung Perkantoran,-6.2636759,106.7988635,POINT (106.7988635 -6.2636759)
undefined,Gedung Perkantoran,-6.263236,106.7972542,POINT (106.7972542 -6.263236)
undefined,Gedung Perkantoran,-6.2612309,106.7968033,POINT (106.7968033 -6.2612309)
undefined,Gedung Perkantoran,-6.259872,106.7976397,POINT (106.7976397 -6.259872)
Ninja,Gedung Perkantoran,-6.2542046,106.8012671,POINT (106.8012671 -6.2542046)
The 101 Hotel,Hotel,-6.2539123,106.8018157,POINT (106.8018157 -6.2539123)
Hotel Sutasoma,Hotel,-6.2538505,106.7981078,POINT (106.7981078 -6.2538505)
Pondok Indah Residence,Apartemen,-6.264758,106.7804468,POINT (106.7804468 -6.264758)
Rumah Zakat,Gedung Perkantoran,-6.258965,106.7894414,POINT (106.7894414 -6.258965)
Graha Mentari,Gedung Perkantoran,-6.2587827,106.777732,POINT (106.777732 -6.2587827)
PT Dimensi Procipta Indonesia (DP Haus),Gedung Perkantoran,-6.258654,106.789522,POINT (106.789522 -6.258654)
Kudo,Gedung Perkantoran,-6.2534255,106.7909183,POINT (106.7909183 -6.2534255)
Kantor Notaris/PPAT Yeldi Anwar,Gedung Perkantoran,-6.25102,106.7914771,POINT (106.7914771 -6.25102)
ETrading Securities,Gedung Perkantoran,-6.2498364,106.7918979,POINT (106.7918979 -6.2498364)
undefined,Gedung Perkantoran,-6.2494829,106.7784319,POINT (106.7784319 -6.2494829)
Sheraton Grand Jakarta Gandaria City Hotel,Hotel,-6.2452177,106.7830538,POINT (106.7830538 -6.2452177)
Gran Mahakam Hotel,Hotel,-6.244778,106.7951832,POINT (106.7951832 -6.244778)
Fortune Hotel SPA & Lounge,Hotel,-6.2537202,106.8001343,POINT (106.8001343 -6.2537202)
The Dharmawangsa,Hotel,-6.2533599,106.8052625,POINT (106.8052625 -6.2533599)
Bimasena,Hotel,-6.2526701,106.80381,POINT (106.80381 -6.2526701)
Amaris Hotel Panglima Polim 2,Hotel,-6.2522772,106.797541,POINT (106.797541 -6.2522772)
undefined,Gedung Perkantoran,-6.2481051,106.8076679,POINT (106.8076679 -6.2481051)
undefined,Gedung Perkantoran,-6.2476836,106.8079122,POINT (106.8079122 -6.2476836)
Baraya Travel,Gedung Perkantoran,-6.247557,106.805059,POINT (106.805059 -6.247557)
Golden Boutique Hotel Melawai,Hotel,-6.2470308,106.798736,POINT (106.798736 -6.2470308)
Amaris Hotel Panglima Polim,Hotel,-6.2462701,106.7988528,POINT (106.7988528 -6.2462701)
NEO Hotel Melawai - Jakarta,Hotel,-6.2456454,106.7981983,POINT (106.7981983 -6.2456454)
undefined,Gedung Perkantoran,-6.3498342,106.8185162,POINT (106.8185162 -6.3498342)
Rumah Kamang Residence,Hotel,-6.3045421,106.8169443,POINT (106.8169443 -6.3045421)
PT. Control Systems Arena Para Nusa,Gedung Perkantoran,-6.2912763,106.8191898,POINT (106.8191898 -6.2912763)
AAPL Indonesia Crew,Gedung Perkantoran,-6.2878107,106.8187397,POINT (106.8187397 -6.2878107)
graha str building,Gedung Perkantoran,-6.2876174,106.8188496,POINT (106.8188496 -6.2876174)
undefined,Gedung Perkantoran,-6.2793906,106.8197897,POINT (106.8197897 -6.2793906)
NEO Hotel Tendean - Jakarta,Hotel,-6.2387753,106.8176696,POINT (106.8176696 -6.2387753)
undefined,Gedung Perkantoran,-6.2335932,106.821637,POINT (106.821637 -6.2335932)
Four Seasons,Hotel,-6.2326611,106.8194693,POINT (106.8194693 -6.2326611)
undefined,Gedung Perkantoran,-6.2314948,106.8215968,POINT (106.8215968 -6.2314948)
undefined,Gedung Perkantoran,-6.2952313,106.8143577,POINT (106.8143577 -6.2952313)
PT Epson Indonesia,Gedung Perkantoran,-6.2952035,106.8153228,POINT (106.8153228 -6.2952035)
PT. Nagata Bisma Shakti,Gedung Perkantoran,-6.2932354,106.8158118,POINT (106.8158118 -6.2932354)
Aloft Jakarta Simatupang,Hotel,-6.2917317,106.8161961,POINT (106.8161961 -6.2917317)
PT Greentek Indonesia,Gedung Perkantoran,-6.290671,106.8106605,POINT (106.8106605 -6.290671)
TransTRACK.ID,Gedung Perkantoran,-6.2906328,106.8097357,POINT (106.8097357 -6.2906328)
Medecins Sans Frontieres,Gedung Perkantoran,-6.2820149,106.8131817,POINT (106.8131817 -6.2820149)
undefined,Gedung Perkantoran,-6.2787612,106.8137216,POINT (106.8137216 -6.2787612)
Yayasan KEHATI,Gedung Perkantoran,-6.2787345,106.8139142,POINT (106.8139142 -6.2787345)
undefined,Gedung Perkantoran,-6.2781284,106.8140022,POINT (106.8140022 -6.2781284)
undefined,Gedung Perkantoran,-6.2781149,106.8140226,POINT (106.8140226 -6.2781149)
Cosmo Amaroossa Hotel,Hotel,-6.2764538,106.8086077,POINT (106.8086077 -6.2764538)
Sekretariat DPP HIMKI,Gedung Perkantoran,-6.2751131,106.8162078,POINT (106.8162078 -6.2751131)
Advokat Ucok Adenan Hasibuan & Partners,Gedung Perkantoran,-6.2750522,106.8160885,POINT (106.8160885 -6.2750522)
undefined,Hotel,-6.2541388,106.8137475,POINT (106.8137475 -6.2541388)
Hotel Kuretakeso Kemang,Hotel,-6.2540413,106.8142681,POINT (106.8142681 -6.2540413)
DHL Logistics,Gedung Perkantoran,-6.2444769,106.8094601,POINT (106.8094601 -6.2444769)
Conclave,Gedung Perkantoran,-6.2399368,106.8148313,POINT (106.8148313 -6.2399368)
F/F Entertainment,Gedung Perkantoran,-6.2375076,106.8160199,POINT (106.8160199 -6.2375076)
undefined,Gedung Perkantoran,-6.2358857,106.8140218,POINT (106.8140218 -6.2358857)
Telkomsel,Gedung Perkantoran,-6.2308493,106.8177791,POINT (106.8177791 -6.2308493)
undefined,Gedung Perkantoran,-6.2302042,106.8209121,POINT (106.8209121 -6.2302042)
undefined,Gedung Perkantoran,-6.2300571,106.8208161,POINT (106.8208161 -6.2300571)
undefined,Gedung Perkantoran,-6.2299682,106.8205363,POINT (106.8205363 -6.2299682)
undefined,Gedung Perkantoran,-6.2299311,106.8207398,POINT (106.8207398 -6.2299311)
undefined,Gedung Perkantoran,-6.2298426,106.8206816,POINT (106.8206816 -6.2298426)
Fave Hotel Jakarta Gatot Subroto,Hotel,-6.2273731,106.8200559,POINT (106.8200559 -6.2273731)
d+a coworking,Gedung Perkantoran,-6.2267705,106.8193481,POINT (106.8193481 -6.2267705)
undefined,Gedung Perkantoran,-6.2255214,106.8175388,POINT (106.8175388 -6.2255214)
undefined,Gedung Perkantoran,-6.2251265,106.8173987,POINT (106.8173987 -6.2251265)
Dattabot,Gedung Perkantoran,-6.232635,106.8117586,POINT (106.8117586 -6.232635)
Badan Koordinasi Penanaman Modal,Gedung Perkantoran,-6.2267054,106.8162047,POINT (106.8162047 -6.2267054)
Kedutaan besar Yordania,Gedung Perkantoran,-6.2247246,106.8110376,POINT (106.8110376 -6.2247246)
"Taipei Economic and Trade Office, Jakarta, Indonesia",Gedung Perkantoran,-6.2246335,106.8109867,POINT (106.8109867 -6.2246335)
The Ritz-Carlton Jakarta,Hotel,-6.2237809,106.8098165,POINT (106.8098165 -6.2237809)
undefined,Gedung Perkantoran,-6.2233232,106.808436,POINT (106.808436 -6.2233232)
undefined,Gedung Perkantoran,-6.2232348,106.808576,POINT (106.808576 -6.2232348)
Artotel,Hotel,-6.2215263,106.8150855,POINT (106.8150855 -6.2215263)
undefined,Gedung Perkantoran,-6.2175647,106.81292,POINT (106.81292 -6.2175647)
LINE Plus Indonesia Office Building,Gedung Perkantoran,-6.21746,106.812861,POINT (106.812861 -6.21746)
Hotel STC Senayan,Hotel,-6.2276297,106.7988447,POINT (106.7988447 -6.2276297)
Sentral Senayan 3,Gedung Perkantoran,-6.2274661,106.7990056,POINT (106.7990056 -6.2274661)
undefined,Gedung Perkantoran,-6.2271448,106.800941,POINT (106.800941 -6.2271448)
LINE Indonesia,Gedung Perkantoran,-6.2259877,106.80664,POINT (106.80664 -6.2259877)
Harris Suites fX Sudirman - Jakarta,Hotel,-6.2253018,106.8038892,POINT (106.8038892 -6.2253018)
undefined,Hotel,-6.2246544,106.8038686,POINT (106.8038686 -6.2246544)
undefined,Gedung Perkantoran,-6.2234506,106.8082597,POINT (106.8082597 -6.2234506)
Bursa Efek Indonesia,Gedung Perkantoran,-6.2233971,106.8079527,POINT (106.8079527 -6.2233971)
Mission of New Zealand to Association of South East Asian Nations,Gedung Perkantoran,-6.2213697,106.7982922,POINT (106.7982922 -6.2213697)
Embassy of New Zealand,Gedung Perkantoran,-6.2211358,106.7982872,POINT (106.7982872 -6.2211358)
undefined,Gedung Perkantoran,-6.2244775,106.8253861,POINT (106.8253861 -6.2244775)
undefined,Gedung Perkantoran,-6.2238057,106.8227334,POINT (106.8227334 -6.2238057)
undefined,Gedung Perkantoran,-6.2237805,106.8229389,POINT (106.8229389 -6.2237805)
undefined,Gedung Perkantoran,-6.2236481,106.822505,POINT (106.822505 -6.2236481)
undefined,Gedung Perkantoran,-6.2236027,106.8229351,POINT (106.8229351 -6.2236027)
undefined,Gedung Perkantoran,-6.2235952,106.8227248,POINT (106.8227248 -6.2235952)
"KolÃ©ga x MarkPlus, Satrio",Gedung Perkantoran,-6.222648,106.8229571,POINT (106.8229571 -6.222648)
Home Living Indonesia,Gedung Perkantoran,-6.2224037,106.8227733,POINT (106.8227733 -6.2224037)
Solusi 24/7,Gedung Perkantoran,-6.2223759,106.8226953,POINT (106.8226953 -6.2223759)
Ayaka Suites,Hotel,-6.2210362,106.8241716,POINT (106.8241716 -6.2210362)
undefined,Gedung Perkantoran,-6.2245793,106.8169412,POINT (106.8169412 -6.2245793)
undefined,Gedung Perkantoran,-6.224529,106.8168904,POINT (106.8168904 -6.224529)
undefined,Gedung Perkantoran,-6.2245032,106.8171589,POINT (106.8171589 -6.2245032)
Kedutaan Kroasia,Gedung Perkantoran,-6.2244311,106.8169576,POINT (106.8169576 -6.2244311)
PT. Tokopedia,Gedung Perkantoran,-6.2212174,106.8193535,POINT (106.8193535 -6.2212174)
undefined,Hotel,-6.2211973,106.8216463,POINT (106.8216463 -6.2211973)
undefined,Hotel,-6.2194979,106.8202089,POINT (106.8202089 -6.2194979)
Boston Consulting Group,Gedung Perkantoran,-6.2171292,106.8181458,POINT (106.8181458 -6.2171292)
undefined,Gedung Perkantoran,-6.2169564,106.8183224,POINT (106.8183224 -6.2169564)
undefined,Gedung Perkantoran,-6.2168505,106.8180633,POINT (106.8180633 -6.2168505)
undefined,Gedung Perkantoran,-6.2168187,106.8183585,POINT (106.8183585 -6.2168187)
undefined,Gedung Perkantoran,-6.2167692,106.818254,POINT (106.818254 -6.2167692)
Hexa Conservation Indonesia,Gedung Perkantoran,-6.2166455,106.8178634,POINT (106.8178634 -6.2166455)
Upscale Suites,Hotel,-6.2164999,106.8194447,POINT (106.8194447 -6.2164999)
Kedutaan Besar Guatemala,Gedung Perkantoran,-6.2153005,106.8203804,POINT (106.8203804 -6.2153005)
Kedutaan Besar Kanada,Gedung Perkantoran,-6.2152952,106.8204412,POINT (106.8204412 -6.2152952)
Kedutaan Besar Panama,Gedung Perkantoran,-6.2152448,106.8203124,POINT (106.8203124 -6.2152448)
Kedutaan Besar Ekuador,Gedung Perkantoran,-6.2152132,106.820394,POINT (106.820394 -6.2152132)
Kedutaan Besar Irlandia,Gedung Perkantoran,-6.2151894,106.8203231,POINT (106.8203231 -6.2151894)
undefined,Gedung Perkantoran,-6.2144057,106.8175266,POINT (106.8175266 -6.2144057)
Kedutaan Besar Republik Afrika Selatan,Gedung Perkantoran,-6.2174406,106.8127785,POINT (106.8127785 -6.2174406)
McKinsey & Company,Gedung Perkantoran,-6.2173253,106.8130071,POINT (106.8130071 -6.2173253)
undefined,Gedung Perkantoran,-6.2172693,106.8128459,POINT (106.8128459 -6.2172693)
Kedutaan besar Kolombia,Gedung Perkantoran,-6.2168282,106.8164902,POINT (106.8164902 -6.2168282)
The Orient Jakarta,Hotel,-6.2157683,106.8161664,POINT (106.8161664 -6.2157683)
Park Royal Apartment,Apartemen,-6.2125641,106.8092413,POINT (106.8092413 -6.2125641)
undefined,Gedung Perkantoran,-6.2109419,106.8156784,POINT (106.8156784 -6.2109419)
"UnionSPACE - Menara Batavia, Jakarta Pusat",Gedung Perkantoran,-6.2107296,106.8155126,POINT (106.8155126 -6.2107296)
TCC Batavia,Gedung Perkantoran,-6.2103752,106.8156419,POINT (106.8156419 -6.2103752)
GrabTaxi (Benhil),Gedung Perkantoran,-6.2091769,106.8122488,POINT (106.8122488 -6.2091769)
Bintaro Park View Marketing Office,Gedung Perkantoran,-6.257966,106.7594955,POINT (106.7594955 -6.257966)
Grha SanQua,Gedung Perkantoran,-6.2571004,106.7644709,POINT (106.7644709 -6.2571004)
Fontana Hotel,Hotel,-6.2382109,106.7714347,POINT (106.7714347 -6.2382109)
undefined,Gedung Perkantoran,-6.2365929,106.7547618,POINT (106.7547618 -6.2365929)
Apartemen Permata Eksekutif,Apartemen,-6.2168119,106.7644779,POINT (106.7644779 -6.2168119)
undefined,Hotel,-6.2454783,106.7989138,POINT (106.7989138 -6.2454783)
Favehotel Melawai Blok M,Hotel,-6.2444589,106.8014773,POINT (106.8014773 -6.2444589)
Ambhara Hotel Jakarta,Hotel,-6.2433604,106.803287,POINT (106.803287 -6.2433604)
38 Prima Hotel,Hotel,-6.2427957,106.8014996,POINT (106.8014996 -6.2427957)
PT. BISMA DHARMA KENCANA,Gedung Perkantoran,-6.2415108,106.8020548,POINT (106.8020548 -6.2415108)
Aditya Mansions,Apartemen,-6.2414286,106.8037334,POINT (106.8037334 -6.2414286)
Divisi Humas Polri,Gedung Perkantoran,-6.2383547,106.8039067,POINT (106.8039067 -6.2383547)
undefined,Gedung Perkantoran,-6.2325051,106.8017562,POINT (106.8017562 -6.2325051)
Kedutaan Besar Papua Niugini,Gedung Perkantoran,-6.22802,106.799729,POINT (106.799729 -6.22802)
"UnionSPACE - SCBD District 8, Jakarta Selatan",Gedung Perkantoran,-6.227896,106.8058911,POINT (106.8058911 -6.227896)
Gandaria 8 Office Tower,Gedung Perkantoran,-6.2427923,106.7833496,POINT (106.7833496 -6.2427923)
undefined,Gedung Perkantoran,-6.2425715,106.7959778,POINT (106.7959778 -6.2425715)
K&K Advocates,Gedung Perkantoran,-6.2396776,106.7957645,POINT (106.7957645 -6.2396776)
Veranda Hotel,Hotel,-6.2395907,106.7858187,POINT (106.7858187 -6.2395907)
JNE,Gedung Perkantoran,-6.2388828,106.784138,POINT (106.784138 -6.2388828)
undefined,Gedung Perkantoran,-6.2381124,106.7836923,POINT (106.7836923 -6.2381124)
Pakubuwono Residence (Main Entrance),Apartemen,-6.2374013,106.7866327,POINT (106.7866327 -6.2374013)
Sommerset Berlian Jakarta,Hotel,-6.2234396,106.7817469,POINT (106.7817469 -6.2234396)
Sunbreeze Hotel,Hotel,-6.2232425,106.7906829,POINT (106.7906829 -6.2232425)
undefined,Gedung Perkantoran,-6.2230767,106.7939669,POINT (106.7939669 -6.2230767)
Airy rooms/ wisma,Hotel,-6.2229816,106.7780708,POINT (106.7780708 -6.2229816)
Rukan Permata Senayan,Gedung Perkantoran,-6.2218916,106.791198,POINT (106.791198 -6.2218916)
The Bellezza Suites,Hotel,-6.2213906,106.7817984,POINT (106.7817984 -6.2213906)
Graha Pena,Gedung Perkantoran,-6.2150741,106.7777897,POINT (106.7777897 -6.2150741)
Kompas TV,Gedung Perkantoran,-6.209012,106.794027,POINT (106.794027 -6.209012)
PopBox,Gedung Perkantoran,-6.2060608,106.7963252,POINT (106.7963252 -6.2060608)
Bina Nusantara Computer Club,Gedung Perkantoran,-6.2035078,106.7830258,POINT (106.7830258 -6.2035078)
Teach For Indonesia,Gedung Perkantoran,-6.2020522,106.7813501,POINT (106.7813501 -6.2020522)
Sekretariat TKN Prabowo - Gibran,Gedung Perkantoran,-6.192768,106.7966863,POINT (106.7966863 -6.192768)
Apartment Menara Kb. Jeruk,Apartemen,-6.1867827,106.7778106,POINT (106.7778106 -6.1867827)
Webhozz,Gedung Perkantoran,-6.2167252,106.7701708,POINT (106.7701708 -6.2167252)
PT. Insatek Maju Bersama - Rep. Jakarta,Gedung Perkantoran,-6.2150287,106.7252225,POINT (106.7252225 -6.2150287)
Graha Tedja,Gedung Perkantoran,-6.2096261,106.7710499,POINT (106.7710499 -6.2096261)
undefined,Gedung Perkantoran,-6.1987146,106.763855,POINT (106.763855 -6.1987146)
undefined,Gedung Perkantoran,-6.1982742,106.7674678,POINT (106.7674678 -6.1982742)
undefined,Gedung Perkantoran,-6.1972412,106.7508097,POINT (106.7508097 -6.1972412)
Kompas Gramedia Majalah,Gedung Perkantoran,-6.1947583,106.7687183,POINT (106.7687183 -6.1947583)
Prisma Ballroom Wedding Hall,Gedung Perkantoran,-6.1936965,106.7598179,POINT (106.7598179 -6.1936965)
Apartemen Puri Park View,Apartemen,-6.1919672,106.7559649,POINT (106.7559649 -6.1919672)
Wisma Akr,Gedung Perkantoran,-6.1916719,106.7683875,POINT (106.7683875 -6.1916719)
undefined,Gedung Perkantoran,-6.2013472,106.8073505,POINT (106.8073505 -6.2013472)
PT. Navita Origo Inovator,Gedung Perkantoran,-6.2009562,106.7984766,POINT (106.7984766 -6.2009562)
PT. Lautan Otsuka Chemical,Gedung Perkantoran,-6.1999142,106.8000713,POINT (106.8000713 -6.1999142)
Hotel Santika Premiere Slipi Jakarta,Hotel,-6.1984667,106.8025222,POINT (106.8025222 -6.1984667)
Wisma Barito Pacific,Gedung Perkantoran,-6.197396,106.7983386,POINT (106.7983386 -6.197396)
undefined,Gedung Perkantoran,-6.1930813,106.7977706,POINT (106.7977706 -6.1930813)
undefined,Hotel,-6.1906694,106.8067185,POINT (106.8067185 -6.1906694)
Mitsubishi,Gedung Perkantoran,-6.1903883,106.7975814,POINT (106.7975814 -6.1903883)
Blibli.com Merchant Corner,Gedung Perkantoran,-6.189576,106.8048353,POINT (106.8048353 -6.189576)
undefined,Gedung Perkantoran,-6.1893225,106.8065222,POINT (106.8065222 -6.1893225)
Kawan Lama,Gedung Perkantoran,-6.1908239,106.7434699,POINT (106.7434699 -6.1908239)
Gedung Sastra Graha,Gedung Perkantoran,-6.1904646,106.766,POINT (106.766 -6.1904646)
Pro-Int Dinamika,Gedung Perkantoran,-6.1885171,106.7385968,POINT (106.7385968 -6.1885171)
LIPPO ST MORITZ OFFICE TOWER,Gedung Perkantoran,-6.1884269,106.7385661,POINT (106.7385661 -6.1884269)
undefined,Gedung Perkantoran,-6.1883648,106.7732824,POINT (106.7732824 -6.1883648)
FedEx Duri Kepa,Gedung Perkantoran,-6.188152,106.7693693,POINT (106.7693693 -6.188152)
UPPD & PTSP Kembangan,Gedung Perkantoran,-6.1866444,106.7373694,POINT (106.7373694 -6.1866444)
Graha Jetcoms,Gedung Perkantoran,-6.1864861,106.7616177,POINT (106.7616177 -6.1864861)
undefined,Gedung Perkantoran,-6.185182,106.768735,POINT (106.768735 -6.185182)
favehotel Puri Indah,Hotel,-6.1828896,106.7512565,POINT (106.7512565 -6.1828896)
undefined,Gedung Perkantoran,-6.188962,106.7998165,POINT (106.7998165 -6.188962)
Graha XL S Parman,Gedung Perkantoran,-6.1866973,106.7972947,POINT (106.7972947 -6.1866973)
Twin Plaza Hotel,Hotel,-6.1826158,106.7971419,POINT (106.7971419 -6.1826158)
Kredivo Operations Office,Gedung Perkantoran,-6.1786649,106.7969325,POINT (106.7969325 -6.1786649)
undefined,Gedung Perkantoran,-6.178304,106.7987972,POINT (106.7987972 -6.178304)
undefined,Gedung Perkantoran,-6.1781437,106.7979475,POINT (106.7979475 -6.1781437)
undefined,Gedung Perkantoran,-6.1778803,106.7983944,POINT (106.7983944 -6.1778803)
undefined,Gedung Perkantoran,-6.1777476,106.7986005,POINT (106.7986005 -6.1777476)
undefined,Gedung Perkantoran,-6.1775844,106.7987865,POINT (106.7987865 -6.1775844)
undefined,Gedung Perkantoran,-6.1769095,106.8008235,POINT (106.8008235 -6.1769095)
undefined,Gedung Perkantoran,-6.1867806,106.7964727,POINT (106.7964727 -6.1867806)
undefined,Gedung Perkantoran,-6.1866019,106.7963979,POINT (106.7963979 -6.1866019)
Studio Ubud,Gedung Perkantoran,-6.1865201,106.7779376,POINT (106.7779376 -6.1865201)
undefined,Gedung Perkantoran,-6.1851165,106.7821764,POINT (106.7821764 -6.1851165)
DPP Partai Golkar,Gedung Perkantoran,-6.1849854,106.7938107,POINT (106.7938107 -6.1849854)
B Fashion Hotel,Hotel,-6.1818293,106.7921331,POINT (106.7921331 -6.1818293)
Sekretariat RW 07 (Front Office Taman Anggrek),Gedung Perkantoran,-6.1788679,106.7919629,POINT (106.7919629 -6.1788679)
Pusri Wisma 101,Gedung Perkantoran,-6.1787264,106.7963404,POINT (106.7963404 -6.1787264)
BNI Central Park,Gedung Perkantoran,-6.1785631,106.7890427,POINT (106.7890427 -6.1785631)
undefined,Gedung Perkantoran,-6.1780477,106.7848675,POINT (106.7848675 -6.1780477)
undefined,Gedung Perkantoran,-6.1779294,106.7957935,POINT (106.7957935 -6.1779294)
Telkomsel,Gedung Perkantoran,-6.177494,106.7912452,POINT (106.7912452 -6.177494)
"Anugerah Adhikarya Ajaib, PT",Gedung Perkantoran,-6.1763423,106.7837684,POINT (106.7837684 -6.1763423)
Sansure,Gedung Perkantoran,-6.1758014,106.7899374,POINT (106.7899374 -6.1758014)
Telkom Indonesia,Gedung Perkantoran,-6.1756934,106.7930057,POINT (106.7930057 -6.1756934)
Godrej,Gedung Perkantoran,-6.1745838,106.7888781,POINT (106.7888781 -6.1745838)
MSTRI FM 104.2,Gedung Perkantoran,-6.1736309,106.7844525,POINT (106.7844525 -6.1736309)
PENABUR ESOL Centre,Gedung Perkantoran,-6.1731631,106.7882304,POINT (106.7882304 -6.1731631)
undefined,Gedung Perkantoran,-6.1726024,106.7902058,POINT (106.7902058 -6.1726024)
undefined,Hotel,-6.172295,106.7901088,POINT (106.7901088 -6.172295)
Kedutaan besar Timor Leste,Gedung Perkantoran,-6.2136693,106.8200801,POINT (106.8200801 -6.2136693)
Prasada Mansion,Hotel,-6.213392,106.8218783,POINT (106.8218783 -6.213392)
undefined,Gedung Perkantoran,-6.2128094,106.8204248,POINT (106.8204248 -6.2128094)
undefined,Hotel,-6.2121616,106.8173695,POINT (106.8173695 -6.2121616)
Acibadem,Gedung Perkantoran,-6.2120327,106.820719,POINT (106.820719 -6.2120327)
Sahid Sudirman Center,Gedung Perkantoran,-6.21087,106.8186038,POINT (106.8186038 -6.21087)
undefined,Gedung Perkantoran,-6.2106864,106.8184965,POINT (106.8184965 -6.2106864)
undefined,Gedung Perkantoran,-6.2106594,106.8186155,POINT (106.8186155 -6.2106594)
MidPlaza,Gedung Perkantoran,-6.209796,106.8209618,POINT (106.8209618 -6.209796)
Flow Coworking,Gedung Perkantoran,-6.2092862,106.8210437,POINT (106.8210437 -6.2092862)
Biznet Networks,Gedung Perkantoran,-6.2091672,106.8204664,POINT (106.8204664 -6.2091672)
Delegation of the European Union,Gedung Perkantoran,-6.2072331,106.821557,POINT (106.821557 -6.2072331)
Delegation of the European Union,Gedung Perkantoran,-6.2071804,106.821555,POINT (106.821555 -6.2071804)
undefined,Gedung Perkantoran,-6.2071018,106.8213448,POINT (106.8213448 -6.2071018)
undefined,Gedung Perkantoran,-6.2067835,106.8215519,POINT (106.8215519 -6.2067835)
undefined,Gedung Perkantoran,-6.2060676,106.8216552,POINT (106.8216552 -6.2060676)
Kedutaan besar Costa Rica,Gedung Perkantoran,-6.2059862,106.8215327,POINT (106.8215327 -6.2059862)
undefined,Gedung Perkantoran,-6.2059776,106.8216708,POINT (106.8216708 -6.2059776)
undefined,Gedung Perkantoran,-6.2058505,106.8216956,POINT (106.8216956 -6.2058505)
World Food Programme,Gedung Perkantoran,-6.2058491,106.8212849,POINT (106.8212849 -6.2058491)
Dewan Perwakilan Rakyat / Majelis Permusyawaratan Rakyat,Gedung Perkantoran,-6.2099308,106.8007426,POINT (106.8007426 -6.2099308)
Sawana Suites,Hotel,-6.2084968,106.8059879,POINT (106.8059879 -6.2084968)
undefined,Gedung Perkantoran,-6.2067775,106.8004224,POINT (106.8004224 -6.2067775)
undefined,Gedung Perkantoran,-6.2058032,106.8029067,POINT (106.8029067 -6.2058032)
undefined,Hotel,-6.2042613,106.8051904,POINT (106.8051904 -6.2042613)
undefined,Hotel,-6.2034367,106.8060557,POINT (106.8060557 -6.2034367)
BPJS Kesehatan / BPJS Ketenagakerjaan,Gedung Perkantoran,-6.2027453,106.8010767,POINT (106.8010767 -6.2027453)
undefined,Gedung Perkantoran,-6.2026928,106.8011765,POINT (106.8011765 -6.2026928)
PT. Karya Mentari Seraya,Gedung Perkantoran,-6.2016295,106.8008489,POINT (106.8008489 -6.2016295)
undefined,Gedung Perkantoran,-6.2015217,106.8070606,POINT (106.8070606 -6.2015217)
undefined,Gedung Perkantoran,-6.2060792,106.8158817,POINT (106.8158817 -6.2060792)
UPPD Tanah Abang,Gedung Perkantoran,-6.1997602,106.8143284,POINT (106.8143284 -6.1997602)
Lazada Tanah Abang,Gedung Perkantoran,-6.198739,106.81506,POINT (106.81506 -6.198739)
Christin Wu,Gedung Perkantoran,-6.19721,106.8157297,POINT (106.8157297 -6.19721)
RedDoorz,Hotel,-6.1958216,106.8146163,POINT (106.8146163 -6.1958216)
undefined,Hotel,-6.1944934,106.8140962,POINT (106.8140962 -6.1944934)
undefined,Gedung Perkantoran,-6.1941094,106.8139271,POINT (106.8139271 -6.1941094)
undefined,Hotel,-6.1934933,106.8141793,POINT (106.8141793 -6.1934933)
undefined,Hotel,-6.1917964,106.8145315,POINT (106.8145315 -6.1917964)
Hotel Mustika,Hotel,-6.1898013,106.8129075,POINT (106.8129075 -6.1898013)
The City Tower,Gedung Perkantoran,-6.1991467,106.823518,POINT (106.823518 -6.1991467)
Kedutaan besar Chili,Gedung Perkantoran,-6.1990381,106.8235949,POINT (106.8235949 -6.1990381)
undefined,Gedung Perkantoran,-6.198523,106.8226836,POINT (106.8226836 -6.198523)
undefined,Gedung Perkantoran,-6.1984394,106.8226548,POINT (106.8226548 -6.1984394)
undefined,Gedung Perkantoran,-6.1983497,106.8226411,POINT (106.8226411 -6.1983497)
undefined,Gedung Perkantoran,-6.1982484,106.8226443,POINT (106.8226443 -6.1982484)
undefined,Gedung Perkantoran,-6.1981504,106.82265,POINT (106.82265 -6.1981504)
undefined,Gedung Perkantoran,-6.1966604,106.8224492,POINT (106.8224492 -6.1966604)
undefined,Hotel,-6.195729,106.8224515,POINT (106.8224515 -6.195729)
Mercedes-Benz,Gedung Perkantoran,-6.1957138,106.8241935,POINT (106.8241935 -6.1957138)
undefined,Gedung Perkantoran,-6.2058315,106.8215629,POINT (106.8215629 -6.2058315)
undefined,Hotel,-6.2004327,106.8206848,POINT (106.8206848 -6.2004327)
Hotel Indonesia Kempinski,Hotel,-6.1952375,106.8221687,POINT (106.8221687 -6.1952375)
Amaris Hotel Thamrin City,Hotel,-6.1945344,106.817966,POINT (106.817966 -6.1945344)
Jakpro,Gedung Perkantoran,-6.194482,106.8175506,POINT (106.8175506 -6.194482)
MAIA HOTEL JAKARTA,Hotel,-6.1936647,106.8170532,POINT (106.8170532 -6.1936647)
TomTom,Gedung Perkantoran,-6.1926093,106.8217648,POINT (106.8217648 -6.1926093)
iHome Residence,Hotel,-6.18836,106.819745,POINT (106.819745 -6.18836)
Wisma Multi 88,Hotel,-6.1881323,106.8204528,POINT (106.8204528 -6.1881323)
I Home Residence,Hotel,-6.188039,106.8182265,POINT (106.8182265 -6.188039)
Kedutaan Besar Belgia,Gedung Perkantoran,-6.195658,106.8243622,POINT (106.8243622 -6.195658)
undefined,Gedung Perkantoran,-6.1940057,106.8236546,POINT (106.8236546 -6.1940057)
Grand Hyatt Jakarta,Hotel,-6.1938028,106.8224472,POINT (106.8224472 -6.1938028)
Pullman Jakarta,Hotel,-6.1932995,106.823811,POINT (106.823811 -6.1932995)
Plaza Permata,Gedung Perkantoran,-6.1922887,106.8238651,POINT (106.8238651 -6.1922887)
Oil center,Gedung Perkantoran,-6.191507,106.8238173,POINT (106.8238173 -6.191507)
Wisma Kosgoro,Gedung Perkantoran,-6.1910372,106.8232094,POINT (106.8232094 -6.1910372)
Sinarmas Land Plaza II,Gedung Perkantoran,-6.1901171,106.8232875,POINT (106.8232875 -6.1901171)
BII Tower,Gedung Perkantoran,-6.1899822,106.823258,POINT (106.823258 -6.1899822)
Plaza BII,Gedung Perkantoran,-6.1897378,106.8232657,POINT (106.8232657 -6.1897378)
undefined,Hotel,-6.1890396,106.8089658,POINT (106.8089658 -6.1890396)
undefined,Hotel,-6.1889873,106.8094595,POINT (106.8094595 -6.1889873)
undefined,Hotel,-6.1884023,106.8088194,POINT (106.8088194 -6.1884023)
undefined,Hotel,-6.1872932,106.8168157,POINT (106.8168157 -6.1872932)
CFC,Gedung Perkantoran,-6.1842447,106.8111636,POINT (106.8111636 -6.1842447)
undefined,Hotel,-6.1832257,106.8120116,POINT (106.8120116 -6.1832257)
undefined,Hotel,-6.1831505,106.8129454,POINT (106.8129454 -6.1831505)
undefined,Hotel,-6.1825219,106.8168547,POINT (106.8168547 -6.1825219)
undefined,Hotel,-6.1824881,106.8159851,POINT (106.8159851 -6.1824881)
undefined,Gedung Perkantoran,-6.182479,106.8131419,POINT (106.8131419 -6.182479)
Juno,Hotel,-6.1874058,106.817293,POINT (106.817293 -6.1874058)
undefined,Gedung Perkantoran,-6.1873439,106.8199092,POINT (106.8199092 -6.1873439)
Fave Hotel Wahid Hasyim,Hotel,-6.1870817,106.8205212,POINT (106.8205212 -6.1870817)
undefined,Hotel,-6.1869821,106.8170972,POINT (106.8170972 -6.1869821)
undefined,Hotel,-6.1868772,106.8180528,POINT (106.8180528 -6.1868772)
undefined,Hotel,-6.1868135,106.8200516,POINT (106.8200516 -6.1868135)
undefined,Gedung Perkantoran,-6.186694,106.820554,POINT (106.820554 -6.186694)
Kedutaan besar Argentina,Gedung Perkantoran,-6.1856514,106.8222196,POINT (106.8222196 -6.1856514)
UNDP,Gedung Perkantoran,-6.1855673,106.8221328,POINT (106.8221328 -6.1855673)
undefined,Gedung Perkantoran,-6.1833132,106.8196108,POINT (106.8196108 -6.1833132)
Dinas Pengawasan Bangunan,Gedung Perkantoran,-6.1818581,106.8110463,POINT (106.8110463 -6.1818581)
undefined,Gedung Perkantoran,-6.1817263,106.8159505,POINT (106.8159505 -6.1817263)
undefined,Hotel,-6.1816953,106.8153808,POINT (106.8153808 -6.1816953)
undefined,Gedung Perkantoran,-6.1816622,106.8122222,POINT (106.8122222 -6.1816622)
"Dinas Penataan Kota, Bina Marga dan Tata Air",Gedung Perkantoran,-6.1815781,106.8110422,POINT (106.8110422 -6.1815781)
undefined,Gedung Perkantoran,-6.1814337,106.8122767,POINT (106.8122767 -6.1814337)
Beritagar.id,Gedung Perkantoran,-6.181186,106.8151034,POINT (106.8151034 -6.181186)
Flamenco Urban Living,Hotel,-6.1795852,106.8165879,POINT (106.8165879 -6.1795852)
undefined,Gedung Perkantoran,-6.177114,106.8159664,POINT (106.8159664 -6.177114)
undefined,Gedung Perkantoran,-6.1735391,106.8152906,POINT (106.8152906 -6.1735391)
BADAN PENDAPATAN DAERAH PROVINSI DKI JAKARTA,Gedung Perkantoran,-6.1781165,106.8183339,POINT (106.8183339 -6.1781165)
BPBD Provinsi DKI Jakarta,Gedung Perkantoran,-6.1779849,106.8185529,POINT (106.8185529 -6.1779849)
undefined,Gedung Perkantoran,-6.1775093,106.817857,POINT (106.817857 -6.1775093)
undefined,Gedung Perkantoran,-6.1767065,106.8172055,POINT (106.8172055 -6.1767065)
undefined,Gedung Perkantoran,-6.17654,106.8196936,POINT (106.8196936 -6.17654)
undefined,Gedung Perkantoran,-6.1755058,106.8194294,POINT (106.8194294 -6.1755058)
undefined,Gedung Perkantoran,-6.1726157,106.818203,POINT (106.818203 -6.1726157)
RajaKamar Indonesia,Gedung Perkantoran,-6.1689115,106.8208966,POINT (106.8208966 -6.1689115)
undefined,Hotel,-6.1688521,106.8206064,POINT (106.8206064 -6.1688521)
Hotel Zenrooms Hayam Wuruk,Hotel,-6.1659018,106.8214024,POINT (106.8214024 -6.1659018)
undefined,Hotel,-6.1735035,106.811847,POINT (106.811847 -6.1735035)
undefined,Gedung Perkantoran,-6.1731566,106.8096991,POINT (106.8096991 -6.1731566)
undefined,Gedung Perkantoran,-6.1728812,106.8092718,POINT (106.8092718 -6.1728812)
undefined,Gedung Perkantoran,-6.1725867,106.8156692,POINT (106.8156692 -6.1725867)
Ambulans Gawat Darurat Dinas Kesehatan DKI Jakarta,Gedung Perkantoran,-6.1722863,106.8144958,POINT (106.8144958 -6.1722863)
Royal City Hotel,Hotel,-6.1719654,106.8082685,POINT (106.8082685 -6.1719654)
Dinas Kesehatan Provinsi DKI Jakarta,Gedung Perkantoran,-6.1708942,106.8148191,POINT (106.8148191 -6.1708942)
undefined,Gedung Perkantoran,-6.1703737,106.8162614,POINT (106.8162614 -6.1703737)
undefined,Hotel,-6.1688421,106.8152823,POINT (106.8152823 -6.1688421)
OYO,Hotel,-6.1683446,106.8152556,POINT (106.8152556 -6.1683446)
undefined,Gedung Perkantoran,-6.1679649,106.8085364,POINT (106.8085364 -6.1679649)
undefined,Gedung Perkantoran,-6.1676386,106.811036,POINT (106.811036 -6.1676386)
undefined,Hotel,-6.1673193,106.8084624,POINT (106.8084624 -6.1673193)
PT Magna Perkasa,Gedung Perkantoran,-6.1669149,106.81511,POINT (106.81511 -6.1669149)
undefined,Gedung Perkantoran,-6.1664945,106.8103448,POINT (106.8103448 -6.1664945)
undefined,Hotel,-6.1648051,106.8101772,POINT (106.8101772 -6.1648051)
undefined,Hotel,-6.1604307,106.8120001,POINT (106.8120001 -6.1604307)
PT Perusahaan Gas Negara,Gedung Perkantoran,-6.1597373,106.8156799,POINT (106.8156799 -6.1597373)
Apartemen Mediterania Gajah Mada,Apartemen,-6.1492967,106.8155777,POINT (106.8155777 -6.1492967)
undefined,Gedung Perkantoran,-6.1492075,106.8152138,POINT (106.8152138 -6.1492075)
undefined,Hotel,-6.1648152,106.8205308,POINT (106.8205308 -6.1648152)
Hotel & Spa Malioboro Jakarta,Hotel,-6.1630853,106.8194475,POINT (106.8194475 -6.1630853)
undefined,Hotel,-6.1602206,106.8179255,POINT (106.8179255 -6.1602206)
Ro & Vi Hotel,Hotel,-6.1560681,106.8185331,POINT (106.8185331 -6.1560681)
Illigals Hotel & Club,Hotel,-6.1521554,106.8175552,POINT (106.8175552 -6.1521554)
Antoni,Hotel,-6.1510827,106.8175389,POINT (106.8175389 -6.1510827)
Env Room - Red Doorz Mangga Besar 2,Hotel,-6.1504865,106.8208296,POINT (106.8208296 -6.1504865)
Amaris Hotel Mangga Besar,Hotel,-6.1494978,106.8188916,POINT (106.8188916 -6.1494978)
undefined,Hotel,-6.1494327,106.8172602,POINT (106.8172602 -6.1494327)
Hotel Mercure Jakarta Kota,Hotel,-6.1490679,106.8171008,POINT (106.8171008 -6.1490679)
undefined,Gedung Perkantoran,-6.162713,106.8259282,POINT (106.8259282 -6.162713)
Hotel Travel,Hotel,-6.1510786,106.8259886,POINT (106.8259886 -6.1510786)
Hotel 88 Mangga Besar VIII,Hotel,-6.1508468,106.8256577,POINT (106.8256577 -6.1508468)
Kantor Pelayanan Pajak Pratama Jakarta Tamansari Satu,Gedung Perkantoran,-6.1494476,106.8227825,POINT (106.8227825 -6.1494476)
Hotel 88 Mangga Besar 62,Hotel,-6.1491442,106.8237398,POINT (106.8237398 -6.1491442)
Hotel Astika,Hotel,-6.1489029,106.8251598,POINT (106.8251598 -6.1489029)
Luminor Hotel,Hotel,-6.1487012,106.8233276,POINT (106.8233276 -6.1487012)
Wow! Hotel Mangga Besar,Hotel,-6.1485666,106.8222476,POINT (106.8222476 -6.1485666)
Hotel 55 B&B,Hotel,-6.1412157,106.8225609,POINT (106.8225609 -6.1412157)
Zuri Express Mangga Dua by ZHM Zuri Express Hotel Jakarta - Mangga Dua,Hotel,-6.1396224,106.8253242,POINT (106.8253242 -6.1396224)
Jayakarta Hotels and Resorts,Hotel,-6.1473169,106.8170696,POINT (106.8170696 -6.1473169)
PT. Mitra Teknik Elektrindo,Gedung Perkantoran,-6.1439118,106.8171141,POINT (106.8171141 -6.1439118)
Golden Crown,Hotel,-6.1423676,106.8171774,POINT (106.8171774 -6.1423676)
undefined,Gedung Perkantoran,-6.1350912,106.8221854,POINT (106.8221854 -6.1350912)
undefined,Gedung Perkantoran,-6.1479288,106.8159836,POINT (106.8159836 -6.1479288)
Hotel Novotel Gajah Mada,Hotel,-6.147304,106.8157261,POINT (106.8157261 -6.147304)
Fave Hotel LTC Glodok Jakarta,Hotel,-6.145905,106.8161388,POINT (106.8161388 -6.145905)
undefined,Hotel,-6.1455003,106.8165723,POINT (106.8165723 -6.1455003)
undefined,Hotel,-6.1414572,106.8136396,POINT (106.8136396 -6.1414572)
undefined,Hotel,-6.1408072,106.8134899,POINT (106.8134899 -6.1408072)
HOTEL MUTIARA Kota Tua,Hotel,-6.1406291,106.8142112,POINT (106.8142112 -6.1406291)
undefined,Gedung Perkantoran,-6.1384374,106.8165795,POINT (106.8165795 -6.1384374)
undefined,Gedung Perkantoran,-6.1318746,106.8164169,POINT (106.8164169 -6.1318746)
undefined,Gedung Perkantoran,-6.1318425,106.8163566,POINT (106.8163566 -6.1318425)
Sekretariat RW 06,Gedung Perkantoran,-6.1396047,106.8231945,POINT (106.8231945 -6.1396047)
D'Prima Hotel ITC Mangga Dua,Hotel,-6.1385808,106.8223449,POINT (106.8223449 -6.1385808)
Le Grandeur Mangga Dua,Hotel,-6.1370926,106.8258294,POINT (106.8258294 -6.1370926)
Alexis Hotel,Hotel,-6.1319079,106.823806,POINT (106.823806 -6.1319079)
undefined,Gedung Perkantoran,-6.1317869,106.8163136,POINT (106.8163136 -6.1317869)
undefined,Gedung Perkantoran,-6.1317462,106.8162619,POINT (106.8162619 -6.1317462)
Urbanview Hotel Kota Tua Jakarta,Hotel,-6.1315449,106.8088245,POINT (106.8088245 -6.1315449)
undefined,Gedung Perkantoran,-6.12998,106.815264,POINT (106.815264 -6.12998)
Apartment Pluit Sea View,Apartemen,-6.121142,106.8072289,POINT (106.8072289 -6.121142)
undefined,Gedung Perkantoran,-6.1133677,106.8029543,POINT (106.8029543 -6.1133677)
undefined,Gedung Perkantoran,-6.1112182,106.8029268,POINT (106.8029268 -6.1112182)
Rusunawa Waduk Pluit,Apartemen,-6.1103209,106.799534,POINT (106.799534 -6.1103209)
undefined,Gedung Perkantoran,-6.1099223,106.8030872,POINT (106.8030872 -6.1099223)
undefined,Gedung Perkantoran,-6.1079971,106.8026556,POINT (106.8026556 -6.1079971)
undefined,Gedung Perkantoran,-6.1040896,106.8000936,POINT (106.8000936 -6.1040896)
undefined,Gedung Perkantoran,-6.1036494,106.8008142,POINT (106.8008142 -6.1036494)
undefined,Gedung Perkantoran,-6.1023686,106.801676,POINT (106.801676 -6.1023686)
undefined,Gedung Perkantoran,-6.1020325,106.8014756,POINT (106.8014756 -6.1020325)
RedDoorz,Hotel,-6.1719369,106.7931508,POINT (106.7931508 -6.1719369)
Hotel Ciputra,Hotel,-6.1679987,106.786699,POINT (106.786699 -6.1679987)
CV DSM WH,Gedung Perkantoran,-6.1670885,106.7780091,POINT (106.7780091 -6.1670885)
undefined,Hotel,-6.1670065,106.7952928,POINT (106.7952928 -6.1670065)
Hotel 88 (Grogol),Hotel,-6.1659373,106.7907957,POINT (106.7907957 -6.1659373)
undefined,Gedung Perkantoran,-6.165897,106.7932918,POINT (106.7932918 -6.165897)
Feodora,Hotel,-6.165892,106.7899123,POINT (106.7899123 -6.165892)
Amaris Hotel Dr. Susilo Grogol,Hotel,-6.165828,106.7963622,POINT (106.7963622 -6.165828)
undefined,Hotel,-6.1657308,106.7963528,POINT (106.7963528 -6.1657308)
undefined,Hotel,-6.1656883,106.7965637,POINT (106.7965637 -6.1656883)
Johnson Health Tech Indonesia,Gedung Perkantoran,-6.182214,106.7669501,POINT (106.7669501 -6.182214)
undefined,Gedung Perkantoran,-6.1794552,106.7114264,POINT (106.7114264 -6.1794552)
Wang Residences,Apartemen,-6.1735844,106.766024,POINT (106.766024 -6.1735844)
"Tower The Crest, Complex West Vista Apartemen",Apartemen,-6.1580017,106.7261003,POINT (106.7261003 -6.1580017)
Apartemen Vittoria Residence,Apartemen,-6.1574196,106.7358693,POINT (106.7358693 -6.1574196)
PT International Chemical Industry,Gedung Perkantoran,-6.1570578,106.7515976,POINT (106.7515976 -6.1570578)
PT International  Chemical Industry,Gedung Perkantoran,-6.156934,106.7506715,POINT (106.7506715 -6.156934)
undefined,Gedung Perkantoran,-6.1544635,106.7306148,POINT (106.7306148 -6.1544635)
undefined,Gedung Perkantoran,-6.1526425,106.7386056,POINT (106.7386056 -6.1526425)
undefined,Gedung Perkantoran,-6.1525866,106.7386096,POINT (106.7386096 -6.1525866)
Grand Tjokro Jakarta,Hotel,-6.165305,106.7818709,POINT (106.7818709 -6.165305)
Kantor Cabang Oriflame,Gedung Perkantoran,-6.1651335,106.7829603,POINT (106.7829603 -6.1651335)
XO Hall,Gedung Perkantoran,-6.1633657,106.7747595,POINT (106.7747595 -6.1633657)
Wijaya Biro SIM,Gedung Perkantoran,-6.1608227,106.7902671,POINT (106.7902671 -6.1608227)
undefined,Gedung Perkantoran,-6.1590891,106.790951,POINT (106.790951 -6.1590891)
Amaris Hotel Season City,Hotel,-6.1541867,106.7958958,POINT (106.7958958 -6.1541867)
Apartemen Seasons City,Apartemen,-6.1531658,106.7963865,POINT (106.7963865 -6.1531658)
undefined,Gedung Perkantoran,-6.1522299,106.7902932,POINT (106.7902932 -6.1522299)
Jakarta International Customer Service Institute,Gedung Perkantoran,-6.14676,106.7883284,POINT (106.7883284 -6.14676)
Taman Duta Mas (Main Entrance),Gedung Perkantoran,-6.144338,106.7802675,POINT (106.7802675 -6.144338)
undefined,Gedung Perkantoran,-6.1763735,106.7974425,POINT (106.7974425 -6.1763735)
undefined,Gedung Perkantoran,-6.1679192,106.8080473,POINT (106.8080473 -6.1679192)
Indosat Ooredoo,Gedung Perkantoran,-6.1674986,106.8040256,POINT (106.8040256 -6.1674986)
Telkomsel,Gedung Perkantoran,-6.1672712,106.8034869,POINT (106.8034869 -6.1672712)
RedDoorz,Hotel,-6.1671027,106.8080489,POINT (106.8080489 -6.1671027)
Rono Percetakan,Gedung Perkantoran,-6.1625741,106.8059215,POINT (106.8059215 -6.1625741)
Smart GPS Jakarta,Gedung Perkantoran,-6.1523155,106.807372,POINT (106.807372 -6.1523155)
undefined,Gedung Perkantoran,-6.1489309,106.8076894,POINT (106.8076894 -6.1489309)
Kantor RW 19 (lantai 2 apartemen),Gedung Perkantoran,-6.1233962,106.7988849,POINT (106.7988849 -6.1233962)
Apartemen Pluit Sea View,Apartemen,-6.1215817,106.8067374,POINT (106.8067374 -6.1215817)
Hz,Gedung Perkantoran,-6.1490884,106.7321189,POINT (106.7321189 -6.1490884)
Yayasan Mulyajaya,Gedung Perkantoran,-6.146813,106.7293747,POINT (106.7293747 -6.146813)
Lembaga Dakwah Islam Indonesia,Gedung Perkantoran,-6.1459443,106.7297637,POINT (106.7297637 -6.1459443)
undefined,Gedung Perkantoran,-6.1456137,106.7318094,POINT (106.7318094 -6.1456137)
Apartemen Perumnas Sentraland Cengkareng,Apartemen,-6.1399034,106.7387132,POINT (106.7387132 -6.1399034)
Hilton Garden Inn Jakarta Taman Palem,Hotel,-6.1388307,106.729107,POINT (106.729107 -6.1388307)
Grand Kimochi,Gedung Perkantoran,-6.1378786,106.7327359,POINT (106.7327359 -6.1378786)
Magnum Massage,Gedung Perkantoran,-6.1375147,106.7327362,POINT (106.7327362 -6.1375147)
Seven Heaven Massage,Gedung Perkantoran,-6.1373277,106.7327495,POINT (106.7327495 -6.1373277)
Aston Cengkareng City Hotel,Hotel,-6.1370492,106.7333441,POINT (106.7333441 -6.1370492)
undefined,Gedung Perkantoran,-6.1434073,106.7912881,POINT (106.7912881 -6.1434073)
undefined,Gedung Perkantoran,-6.1394752,106.7936381,POINT (106.7936381 -6.1394752)
Hariston Hotel & Suites Bandengan,Hotel,-6.1372972,106.7882068,POINT (106.7882068 -6.1372972)
undefined,Hotel,-6.1345851,106.7935543,POINT (106.7935543 -6.1345851)
undefined,Hotel,-6.1317587,106.7930344,POINT (106.7930344 -6.1317587)
Hotel Holiday Inn Express,Hotel,-6.1270664,106.7905636,POINT (106.7905636 -6.1270664)
Fave Hotel Pluit Junction,Hotel,-6.1264489,106.791403,POINT (106.791403 -6.1264489)
undefined,Gedung Perkantoran,-6.1260802,106.7939433,POINT (106.7939433 -6.1260802)
Wisma ADR,Gedung Perkantoran,-6.125835,106.7947038,POINT (106.7947038 -6.125835)
Multi Power Aditama,Gedung Perkantoran,-6.1249833,106.7779923,POINT (106.7779923 -6.1249833)
Dd,Gedung Perkantoran,-6.1349611,106.7305039,POINT (106.7305039 -6.1349611)
Hz,Gedung Perkantoran,-6.1327719,106.7311512,POINT (106.7311512 -6.1327719)
Paradise Mansion Apartemen,Apartemen,-6.1314558,106.7028976,POINT (106.7028976 -6.1314558)
Apartemen City Park,Apartemen,-6.1314395,106.7349773,POINT (106.7349773 -6.1314395)
Aston Pluit Hotel & Residence,Hotel,-6.1242991,106.7950506,POINT (106.7950506 -6.1242991)
undefined,Gedung Perkantoran,-6.1218911,106.7891733,POINT (106.7891733 -6.1218911)
WonderMind Pluit Village,Gedung Perkantoran,-6.1159558,106.7880296,POINT (106.7880296 -6.1159558)
undefined,Gedung Perkantoran,-6.1119268,106.7939045,POINT (106.7939045 -6.1119268)
Antheia Photography,Gedung Perkantoran,-6.1109118,106.7419364,POINT (106.7419364 -6.1109118)
undefined,Gedung Perkantoran,-6.1071667,106.7384383,POINT (106.7384383 -6.1071667)
Gold Coast PIK Apartemen,Apartemen,-6.1025417,106.7385349,POINT (106.7385349 -6.1025417)
undefined,Gedung Perkantoran,-6.1009795,106.8002796,POINT (106.8002796 -6.1009795)
undefined,Gedung Perkantoran,-6.1004467,106.8017345,POINT (106.8017345 -6.1004467)
undefined,Gedung Perkantoran,-6.1000719,106.8015985,POINT (106.8015985 -6.1000719)
undefined,Gedung Perkantoran,-6.099335,106.799553,POINT (106.799553 -6.099335)
